2026-08-30 07:35:04,603 | INFO | telegram_gateway_application.utilities.logging | Logging initialized
2026-08-30 07:35:04,608 | INFO | __main__ | Starting Telegram Gateway...
2026-08-30 07:35:04,610 | INFO | __main__ | Telegram Gateway Initialising...
2026-08-30 07:35:04,618 | INFO | pika.adapters.utils.connection_workflow | Pika version 1.4.4 connecting to ('172.21.0.3', 5672)
2026-08-30 07:35:04,622 | ERROR | pika.adapters.utils.io_services_utils | Socket failed to connect: <socket.socket fd=8, family=2, type=1, proto=6, laddr=('172.21.0.4', 35740)>; error=111 (Connection refused)
2026-08-30 07:35:04,624 | ERROR | pika.adapters.utils.connection_workflow | TCP Connection attempt failed: ConnectionRefusedError(111, 'Connection refused'); dest=(<AddressFamily.AF_INET: 2>, <SocketKind.SOCK_STREAM: 1>, 6, '', ('172.21.0.3', 5672))
2026-08-30 07:35:04,625 | ERROR | pika.adapters.utils.connection_workflow | AMQPConnector - reporting failure: AMQPConnectorSocketConnectError: ConnectionRefusedError(111, 'Connection refused')
2026-08-30 07:35:04,627 | ERROR | pika.adapters.utils.connection_workflow | AMQP connection workflow failed: AMQPConnectionWorkflowFailed: 1 exceptions in all; last exception - AMQPConnectorSocketConnectError: ConnectionRefusedError(111, 'Connection refused'); first exception - None.
2026-08-30 07:35:04,629 | ERROR | pika.adapters.utils.connection_workflow | AMQPConnectionWorkflow - reporting failure: AMQPConnectionWorkflowFailed: 1 exceptions in all; last exception - AMQPConnectorSocketConnectError: ConnectionRefusedError(111, 'Connection refused'); first exception - None
2026-08-30 07:35:04,631 | ERROR | pika.adapters.blocking_connection | Connection workflow failed: AMQPConnectionWorkflowFailed: 1 exceptions in all; last exception - AMQPConnectorSocketConnectError: ConnectionRefusedError(111, 'Connection refused'); first exception - None
2026-08-30 07:35:04,632 | ERROR | pika.adapters.blocking_connection | Error in _create_connection().
Traceback (most recent call last):
  File "/usr/local/lib/python3.12/site-packages/pika/adapters/blocking_connection.py", line 478, in _create_connection
    raise self._reap_last_connection_workflow_error(error)
pika.exceptions.AMQPConnectionError
2026-08-30 07:35:04,662 | CRITICAL | telegram_gateway_application.utilities.utils_queue.queue | Failed to connect to RabbitMQ (publish): 
2026-08-30 07:35:07,215 | INFO | telegram_gateway_application.utilities.logging | Logging initialized
2026-08-30 07:35:07,216 | INFO | __main__ | Starting Telegram Gateway...
2026-08-30 07:35:07,218 | INFO | __main__ | Telegram Gateway Initialising...
2026-08-30 07:35:07,227 | INFO | pika.adapters.utils.connection_workflow | Pika version 1.4.4 connecting to ('172.21.0.3', 5672)
2026-08-30 07:35:07,229 | ERROR | pika.adapters.utils.io_services_utils | Socket failed to connect: <socket.socket fd=8, family=2, type=1, proto=6, laddr=('172.21.0.4', 35754)>; error=111 (Connection refused)
2026-08-30 07:35:07,231 | ERROR | pika.adapters.utils.connection_workflow | TCP Connection attempt failed: ConnectionRefusedError(111, 'Connection refused'); dest=(<AddressFamily.AF_INET: 2>, <SocketKind.SOCK_STREAM: 1>, 6, '', ('172.21.0.3', 5672))
2026-08-30 07:35:07,232 | ERROR | pika.adapters.utils.connection_workflow | AMQPConnector - reporting failure: AMQPConnectorSocketConnectError: ConnectionRefusedError(111, 'Connection refused')
2026-08-30 07:35:07,233 | ERROR | pika.adapters.utils.connection_workflow | AMQP connection workflow failed: AMQPConnectionWorkflowFailed: 1 exceptions in all; last exception - AMQPConnectorSocketConnectError: ConnectionRefusedError(111, 'Connection refused'); first exception - None.
2026-08-30 07:35:07,234 | ERROR | pika.adapters.utils.connection_workflow | AMQPConnectionWorkflow - reporting failure: AMQPConnectionWorkflowFailed: 1 exceptions in all; last exception - AMQPConnectorSocketConnectError: ConnectionRefusedError(111, 'Connection refused'); first exception - None
2026-08-30 07:35:07,235 | ERROR | pika.adapters.blocking_connection | Connection workflow failed: AMQPConnectionWorkflowFailed: 1 exceptions in all; last exception - AMQPConnectorSocketConnectError: ConnectionRefusedError(111, 'Connection refused'); first exception - None
2026-08-30 07:35:07,236 | ERROR | pika.adapters.blocking_connection | Error in _create_connection().
Traceback (most recent call last):
  File "/usr/local/lib/python3.12/site-packages/pika/adapters/blocking_connection.py", line 478, in _create_connection
    raise self._reap_last_connection_workflow_error(error)
pika.exceptions.AMQPConnectionError
2026-08-30 07:35:07,241 | CRITICAL | telegram_gateway_application.utilities.utils_queue.queue | Failed to connect to RabbitMQ (publish): 
2026-08-30 07:35:10,299 | INFO | telegram_gateway_application.utilities.logging | Logging initialized
2026-08-30 07:35:10,300 | INFO | __main__ | Starting Telegram Gateway...
2026-08-30 07:35:10,301 | INFO | __main__ | Telegram Gateway Initialising...
2026-08-30 07:35:10,321 | INFO | pika.adapters.utils.connection_workflow | Pika version 1.4.4 connecting to ('172.21.0.3', 5672)
2026-08-30 07:35:10,336 | ERROR | pika.adapters.utils.io_services_utils | Socket failed to connect: <socket.socket fd=8, family=2, type=1, proto=6, laddr=('172.21.0.4', 35766)>; error=111 (Connection refused)
2026-08-30 07:35:10,337 | ERROR | pika.adapters.utils.connection_workflow | TCP Connection attempt failed: ConnectionRefusedError(111, 'Connection refused'); dest=(<AddressFamily.AF_INET: 2>, <SocketKind.SOCK_STREAM: 1>, 6, '', ('172.21.0.3', 5672))
2026-08-30 07:35:10,338 | ERROR | pika.adapters.utils.connection_workflow | AMQPConnector - reporting failure: AMQPConnectorSocketConnectError: ConnectionRefusedError(111, 'Connection refused')
2026-08-30 07:35:10,345 | ERROR | pika.adapters.utils.connection_workflow | AMQP connection workflow failed: AMQPConnectionWorkflowFailed: 1 exceptions in all; last exception - AMQPConnectorSocketConnectError: ConnectionRefusedError(111, 'Connection refused'); first exception - None.
2026-08-30 07:35:10,346 | ERROR | pika.adapters.utils.connection_workflow | AMQPConnectionWorkflow - reporting failure: AMQPConnectionWorkflowFailed: 1 exceptions in all; last exception - AMQPConnectorSocketConnectError: ConnectionRefusedError(111, 'Connection refused'); first exception - None
2026-08-30 07:35:10,348 | ERROR | pika.adapters.blocking_connection | Connection workflow failed: AMQPConnectionWorkflowFailed: 1 exceptions in all; last exception - AMQPConnectorSocketConnectError: ConnectionRefusedError(111, 'Connection refused'); first exception - None
2026-08-30 07:35:10,348 | ERROR | pika.adapters.blocking_connection | Error in _create_connection().
Traceback (most recent call last):
  File "/usr/local/lib/python3.12/site-packages/pika/adapters/blocking_connection.py", line 478, in _create_connection
    raise self._reap_last_connection_workflow_error(error)
pika.exceptions.AMQPConnectionError
2026-08-30 07:35:10,365 | CRITICAL | telegram_gateway_application.utilities.utils_queue.queue | Failed to connect to RabbitMQ (publish): 
2026-08-30 07:35:14,049 | INFO | telegram_gateway_application.utilities.logging | Logging initialized
2026-08-30 07:35:14,051 | INFO | __main__ | Starting Telegram Gateway...
2026-08-30 07:35:14,053 | INFO | __main__ | Telegram Gateway Initialising...
2026-08-30 07:35:14,067 | INFO | pika.adapters.utils.connection_workflow | Pika version 1.4.4 connecting to ('172.21.0.3', 5672)
2026-08-30 07:35:14,071 | ERROR | pika.adapters.utils.io_services_utils | Socket failed to connect: <socket.socket fd=8, family=2, type=1, proto=6, laddr=('172.21.0.4', 60812)>; error=111 (Connection refused)
2026-08-30 07:35:14,073 | ERROR | pika.adapters.utils.connection_workflow | TCP Connection attempt failed: ConnectionRefusedError(111, 'Connection refused'); dest=(<AddressFamily.AF_INET: 2>, <SocketKind.SOCK_STREAM: 1>, 6, '', ('172.21.0.3', 5672))
2026-08-30 07:35:14,075 | ERROR | pika.adapters.utils.connection_workflow | AMQPConnector - reporting failure: AMQPConnectorSocketConnectError: ConnectionRefusedError(111, 'Connection refused')
2026-08-30 07:35:14,078 | ERROR | pika.adapters.utils.connection_workflow | AMQP connection workflow failed: AMQPConnectionWorkflowFailed: 1 exceptions in all; last exception - AMQPConnectorSocketConnectError: ConnectionRefusedError(111, 'Connection refused'); first exception - None.
2026-08-30 07:35:14,080 | ERROR | pika.adapters.utils.connection_workflow | AMQPConnectionWorkflow - reporting failure: AMQPConnectionWorkflowFailed: 1 exceptions in all; last exception - AMQPConnectorSocketConnectError: ConnectionRefusedError(111, 'Connection refused'); first exception - None
2026-08-30 07:35:14,083 | ERROR | pika.adapters.blocking_connection | Connection workflow failed: AMQPConnectionWorkflowFailed: 1 exceptions in all; last exception - AMQPConnectorSocketConnectError: ConnectionRefusedError(111, 'Connection refused'); first exception - None
2026-08-30 07:35:14,085 | ERROR | pika.adapters.blocking_connection | Error in _create_connection().
Traceback (most recent call last):
  File "/usr/local/lib/python3.12/site-packages/pika/adapters/blocking_connection.py", line 478, in _create_connection
    raise self._reap_last_connection_workflow_error(error)
pika.exceptions.AMQPConnectionError
2026-08-30 07:35:14,092 | CRITICAL | telegram_gateway_application.utilities.utils_queue.queue | Failed to connect to RabbitMQ (publish): 
2026-08-30 07:35:17,365 | INFO | telegram_gateway_application.utilities.logging | Logging initialized
2026-08-30 07:35:17,366 | INFO | __main__ | Starting Telegram Gateway...
2026-08-30 07:35:17,367 | INFO | __main__ | Telegram Gateway Initialising...
2026-08-30 07:35:17,373 | INFO | pika.adapters.utils.connection_workflow | Pika version 1.4.4 connecting to ('172.21.0.3', 5672)
2026-08-30 07:35:17,376 | ERROR | pika.adapters.utils.io_services_utils | Socket failed to connect: <socket.socket fd=8, family=2, type=1, proto=6, laddr=('172.21.0.4', 60822)>; error=111 (Connection refused)
2026-08-30 07:35:17,377 | ERROR | pika.adapters.utils.connection_workflow | TCP Connection attempt failed: ConnectionRefusedError(111, 'Connection refused'); dest=(<AddressFamily.AF_INET: 2>, <SocketKind.SOCK_STREAM: 1>, 6, '', ('172.21.0.3', 5672))
2026-08-30 07:35:17,378 | ERROR | pika.adapters.utils.connection_workflow | AMQPConnector - reporting failure: AMQPConnectorSocketConnectError: ConnectionRefusedError(111, 'Connection refused')
2026-08-30 07:35:17,379 | ERROR | pika.adapters.utils.connection_workflow | AMQP connection workflow failed: AMQPConnectionWorkflowFailed: 1 exceptions in all; last exception - AMQPConnectorSocketConnectError: ConnectionRefusedError(111, 'Connection refused'); first exception - None.
2026-08-30 07:35:17,381 | ERROR | pika.adapters.utils.connection_workflow | AMQPConnectionWorkflow - reporting failure: AMQPConnectionWorkflowFailed: 1 exceptions in all; last exception - AMQPConnectorSocketConnectError: ConnectionRefusedError(111, 'Connection refused'); first exception - None
2026-08-30 07:35:17,382 | ERROR | pika.adapters.blocking_connection | Connection workflow failed: AMQPConnectionWorkflowFailed: 1 exceptions in all; last exception - AMQPConnectorSocketConnectError: ConnectionRefusedError(111, 'Connection refused'); first exception - None
2026-08-30 07:35:17,383 | ERROR | pika.adapters.blocking_connection | Error in _create_connection().
Traceback (most recent call last):
  File "/usr/local/lib/python3.12/site-packages/pika/adapters/blocking_connection.py", line 478, in _create_connection
    raise self._reap_last_connection_workflow_error(error)
pika.exceptions.AMQPConnectionError
2026-08-30 07:35:17,388 | CRITICAL | telegram_gateway_application.utilities.utils_queue.queue | Failed to connect to RabbitMQ (publish): 
2026-08-30 07:35:21,215 | INFO | telegram_gateway_application.utilities.logging | Logging initialized
2026-08-30 07:35:21,217 | INFO | __main__ | Starting Telegram Gateway...
2026-08-30 07:35:21,219 | INFO | __main__ | Telegram Gateway Initialising...
2026-08-30 07:35:21,227 | INFO | pika.adapters.utils.connection_workflow | Pika version 1.4.4 connecting to ('172.21.0.3', 5672)
2026-08-30 07:35:21,230 | ERROR | pika.adapters.utils.io_services_utils | Socket failed to connect: <socket.socket fd=8, family=2, type=1, proto=6, laddr=('172.21.0.4', 60836)>; error=111 (Connection refused)
2026-08-30 07:35:21,232 | ERROR | pika.adapters.utils.connection_workflow | TCP Connection attempt failed: ConnectionRefusedError(111, 'Connection refused'); dest=(<AddressFamily.AF_INET: 2>, <SocketKind.SOCK_STREAM: 1>, 6, '', ('172.21.0.3', 5672))
2026-08-30 07:35:21,233 | ERROR | pika.adapters.utils.connection_workflow | AMQPConnector - reporting failure: AMQPConnectorSocketConnectError: ConnectionRefusedError(111, 'Connection refused')
2026-08-30 07:35:21,235 | ERROR | pika.adapters.utils.connection_workflow | AMQP connection workflow failed: AMQPConnectionWorkflowFailed: 1 exceptions in all; last exception - AMQPConnectorSocketConnectError: ConnectionRefusedError(111, 'Connection refused'); first exception - None.
2026-08-30 07:35:21,236 | ERROR | pika.adapters.utils.connection_workflow | AMQPConnectionWorkflow - reporting failure: AMQPConnectionWorkflowFailed: 1 exceptions in all; last exception - AMQPConnectorSocketConnectError: ConnectionRefusedError(111, 'Connection refused'); first exception - None
2026-08-30 07:35:21,238 | ERROR | pika.adapters.blocking_connection | Connection workflow failed: AMQPConnectionWorkflowFailed: 1 exceptions in all; last exception - AMQPConnectorSocketConnectError: ConnectionRefusedError(111, 'Connection refused'); first exception - None
2026-08-30 07:35:21,239 | ERROR | pika.adapters.blocking_connection | Error in _create_connection().
Traceback (most recent call last):
  File "/usr/local/lib/python3.12/site-packages/pika/adapters/blocking_connection.py", line 478, in _create_connection
    raise self._reap_last_connection_workflow_error(error)
pika.exceptions.AMQPConnectionError
2026-08-30 07:35:21,244 | CRITICAL | telegram_gateway_application.utilities.utils_queue.queue | Failed to connect to RabbitMQ (publish): 
2026-08-30 07:35:27,728 | INFO | telegram_gateway_application.utilities.logging | Logging initialized
2026-08-30 07:35:27,728 | INFO | __main__ | Starting Telegram Gateway...
2026-08-30 07:35:27,729 | INFO | __main__ | Telegram Gateway Initialising...
2026-08-30 07:35:27,734 | INFO | pika.adapters.utils.connection_workflow | Pika version 1.4.4 connecting to ('172.21.0.3', 5672)
2026-08-30 07:35:27,735 | ERROR | pika.adapters.utils.io_services_utils | Socket failed to connect: <socket.socket fd=8, family=2, type=1, proto=6, laddr=('172.21.0.4', 38386)>; error=111 (Connection refused)
2026-08-30 07:35:27,736 | ERROR | pika.adapters.utils.connection_workflow | TCP Connection attempt failed: ConnectionRefusedError(111, 'Connection refused'); dest=(<AddressFamily.AF_INET: 2>, <SocketKind.SOCK_STREAM: 1>, 6, '', ('172.21.0.3', 5672))
2026-08-30 07:35:27,737 | ERROR | pika.adapters.utils.connection_workflow | AMQPConnector - reporting failure: AMQPConnectorSocketConnectError: ConnectionRefusedError(111, 'Connection refused')
2026-08-30 07:35:27,737 | ERROR | pika.adapters.utils.connection_workflow | AMQP connection workflow failed: AMQPConnectionWorkflowFailed: 1 exceptions in all; last exception - AMQPConnectorSocketConnectError: ConnectionRefusedError(111, 'Connection refused'); first exception - None.
2026-08-30 07:35:27,738 | ERROR | pika.adapters.utils.connection_workflow | AMQPConnectionWorkflow - reporting failure: AMQPConnectionWorkflowFailed: 1 exceptions in all; last exception - AMQPConnectorSocketConnectError: ConnectionRefusedError(111, 'Connection refused'); first exception - None
2026-08-30 07:35:27,739 | ERROR | pika.adapters.blocking_connection | Connection workflow failed: AMQPConnectionWorkflowFailed: 1 exceptions in all; last exception - AMQPConnectorSocketConnectError: ConnectionRefusedError(111, 'Connection refused'); first exception - None
2026-08-30 07:35:27,739 | ERROR | pika.adapters.blocking_connection | Error in _create_connection().
Traceback (most recent call last):
  File "/usr/local/lib/python3.12/site-packages/pika/adapters/blocking_connection.py", line 478, in _create_connection
    raise self._reap_last_connection_workflow_error(error)
pika.exceptions.AMQPConnectionError
2026-08-30 07:35:27,743 | CRITICAL | telegram_gateway_application.utilities.utils_queue.queue | Failed to connect to RabbitMQ (publish): 
2026-08-30 07:35:35,489 | INFO | telegram_gateway_application.utilities.logging | Logging initialized
2026-08-30 07:35:35,490 | INFO | __main__ | Starting Telegram Gateway...
2026-08-30 07:35:35,491 | INFO | __main__ | Telegram Gateway Initialising...
2026-08-30 07:35:35,497 | INFO | pika.adapters.utils.connection_workflow | Pika version 1.4.4 connecting to ('172.21.0.3', 5672)
2026-08-30 07:35:35,501 | INFO | pika.adapters.utils.io_services_utils | Socket connected: <socket.socket fd=8, family=2, type=1, proto=6, laddr=('172.21.0.4', 54898), raddr=('172.21.0.3', 5672)>
2026-08-30 07:35:35,503 | INFO | pika.adapters.utils.connection_workflow | Streaming transport linked up: (<pika.adapters.utils.io_services_utils._AsyncPlaintextTransport object at 0x7fadbc12b0>, _StreamingProtocolShim: <SelectConnection PROTOCOL transport=<pika.adapters.utils.io_services_utils._AsyncPlaintextTransport object at 0x7fadbc12b0> params=<ConnectionParameters host=chatbot-rabbitmq port=5672 virtual_host=chatbot_vhost ssl=False>>).
2026-08-30 07:35:35,517 | INFO | pika.adapters.utils.connection_workflow | AMQPConnector - reporting success: <SelectConnection OPEN transport=<pika.adapters.utils.io_services_utils._AsyncPlaintextTransport object at 0x7fadbc12b0> params=<ConnectionParameters host=chatbot-rabbitmq port=5672 virtual_host=chatbot_vhost ssl=False>>
2026-08-30 07:35:35,518 | INFO | pika.adapters.utils.connection_workflow | AMQPConnectionWorkflow - reporting success: <SelectConnection OPEN transport=<pika.adapters.utils.io_services_utils._AsyncPlaintextTransport object at 0x7fadbc12b0> params=<ConnectionParameters host=chatbot-rabbitmq port=5672 virtual_host=chatbot_vhost ssl=False>>
2026-08-30 07:35:35,519 | INFO | pika.adapters.blocking_connection | Connection workflow succeeded: <SelectConnection OPEN transport=<pika.adapters.utils.io_services_utils._AsyncPlaintextTransport object at 0x7fadbc12b0> params=<ConnectionParameters host=chatbot-rabbitmq port=5672 virtual_host=chatbot_vhost ssl=False>>
2026-08-30 07:35:35,521 | INFO | pika.adapters.blocking_connection | Created channel=1
2026-08-30 07:35:35,525 | INFO | telegram_gateway_application.utilities.utils_queue.queue | RabbitMQ publish connection initialised
2026-08-30 07:35:35,532 | INFO | pika.adapters.utils.connection_workflow | Pika version 1.4.4 connecting to ('172.21.0.3', 5672)
2026-08-30 07:35:35,535 | INFO | pika.adapters.utils.io_services_utils | Socket connected: <socket.socket fd=12, family=2, type=1, proto=6, laddr=('172.21.0.4', 54914), raddr=('172.21.0.3', 5672)>
2026-08-30 07:35:35,538 | INFO | pika.adapters.utils.connection_workflow | Streaming transport linked up: (<pika.adapters.utils.io_services_utils._AsyncPlaintextTransport object at 0x7facf20110>, _StreamingProtocolShim: <SelectConnection PROTOCOL transport=<pika.adapters.utils.io_services_utils._AsyncPlaintextTransport object at 0x7facf20110> params=<ConnectionParameters host=chatbot-rabbitmq port=5672 virtual_host=chatbot_vhost ssl=False>>).
2026-08-30 07:35:35,553 | INFO | pika.adapters.utils.connection_workflow | AMQPConnector - reporting success: <SelectConnection OPEN transport=<pika.adapters.utils.io_services_utils._AsyncPlaintextTransport object at 0x7facf20110> params=<ConnectionParameters host=chatbot-rabbitmq port=5672 virtual_host=chatbot_vhost ssl=False>>
2026-08-30 07:35:35,555 | INFO | pika.adapters.utils.connection_workflow | AMQPConnectionWorkflow - reporting success: <SelectConnection OPEN transport=<pika.adapters.utils.io_services_utils._AsyncPlaintextTransport object at 0x7facf20110> params=<ConnectionParameters host=chatbot-rabbitmq port=5672 virtual_host=chatbot_vhost ssl=False>>
2026-08-30 07:35:35,557 | INFO | pika.adapters.blocking_connection | Connection workflow succeeded: <SelectConnection OPEN transport=<pika.adapters.utils.io_services_utils._AsyncPlaintextTransport object at 0x7facf20110> params=<ConnectionParameters host=chatbot-rabbitmq port=5672 virtual_host=chatbot_vhost ssl=False>>
2026-08-30 07:35:35,558 | INFO | pika.adapters.blocking_connection | Created channel=1
2026-08-30 07:35:35,561 | INFO | telegram_gateway_application.utilities.utils_queue.queue | RabbitMQ consume connection initialised
2026-08-30 07:35:35,564 | INFO | telegram_gateway_application.utilities.initialise | Telegram Gateway application initialised.
2026-08-30 07:35:35,568 | INFO | telegram_gateway_application.utilities.utils_queue.queue | RabbitMQ consumer started
2026-08-30 07:35:36,287 | ERROR | telegram_gateway_application.utilities.utils_telegram.gateway_inbound | Telegram long polling request failed. Retrying...
Traceback (most recent call last):
  File "/telegram_gateway/telegram_gateway_application/utilities/utils_telegram/gateway_inbound.py", line 104, in poll_updates
    response.raise_for_status()
  File "/usr/local/lib/python3.12/site-packages/requests/models.py", line 1024, in raise_for_status
    raise HTTPError(http_error_msg, response=self)
requests.exceptions.HTTPError: 404 Client Error: Not Found for url: https://api.telegram.org/botREPLACE_WITH_BOT_TOKEN/getUpdates?timeout=30&allowed_updates=%5B%22message%22%2C+%22callback_query%22%5D
2026-08-30 07:35:42,027 | ERROR | telegram_gateway_application.utilities.utils_telegram.gateway_inbound | Telegram long polling request failed. Retrying...
Traceback (most recent call last):
  File "/telegram_gateway/telegram_gateway_application/utilities/utils_telegram/gateway_inbound.py", line 104, in poll_updates
    response.raise_for_status()
  File "/usr/local/lib/python3.12/site-packages/requests/models.py", line 1024, in raise_for_status
    raise HTTPError(http_error_msg, response=self)
requests.exceptions.HTTPError: 404 Client Error: Not Found for url: https://api.telegram.org/botREPLACE_WITH_BOT_TOKEN/getUpdates?timeout=30&allowed_updates=%5B%22message%22%2C+%22callback_query%22%5D
2026-08-30 07:35:47,742 | ERROR | telegram_gateway_application.utilities.utils_telegram.gateway_inbound | Telegram long polling request failed. Retrying...
Traceback (most recent call last):
  File "/telegram_gateway/telegram_gateway_application/utilities/utils_telegram/gateway_inbound.py", line 104, in poll_updates
    response.raise_for_status()
  File "/usr/local/lib/python3.12/site-packages/requests/models.py", line 1024, in raise_for_status
    raise HTTPError(http_error_msg, response=self)
requests.exceptions.HTTPError: 404 Client Error: Not Found for url: https://api.telegram.org/botREPLACE_WITH_BOT_TOKEN/getUpdates?timeout=30&allowed_updates=%5B%22message%22%2C+%22callback_query%22%5D
2026-08-30 07:35:53,474 | ERROR | telegram_gateway_application.utilities.utils_telegram.gateway_inbound | Telegram long polling request failed. Retrying...
Traceback (most recent call last):
  File "/telegram_gateway/telegram_gateway_application/utilities/utils_telegram/gateway_inbound.py", line 104, in poll_updates
    response.raise_for_status()
  File "/usr/local/lib/python3.12/site-packages/requests/models.py", line 1024, in raise_for_status
    raise HTTPError(http_error_msg, response=self)
requests.exceptions.HTTPError: 404 Client Error: Not Found for url: https://api.telegram.org/botREPLACE_WITH_BOT_TOKEN/getUpdates?timeout=30&allowed_updates=%5B%22message%22%2C+%22callback_query%22%5D
2026-08-30 07:35:59,190 | ERROR | telegram_gateway_application.utilities.utils_telegram.gateway_inbound | Telegram long polling request failed. Retrying...
Traceback (most recent call last):
  File "/telegram_gateway/telegram_gateway_application/utilities/utils_telegram/gateway_inbound.py", line 104, in poll_updates
    response.raise_for_status()
  File "/usr/local/lib/python3.12/site-packages/requests/models.py", line 1024, in raise_for_status
    raise HTTPError(http_error_msg, response=self)
requests.exceptions.HTTPError: 404 Client Error: Not Found for url: https://api.telegram.org/botREPLACE_WITH_BOT_TOKEN/getUpdates?timeout=30&allowed_updates=%5B%22message%22%2C+%22callback_query%22%5D
2026-08-30 07:36:04,921 | ERROR | telegram_gateway_application.utilities.utils_telegram.gateway_inbound | Telegram long polling request failed. Retrying...
Traceback (most recent call last):
  File "/telegram_gateway/telegram_gateway_application/utilities/utils_telegram/gateway_inbound.py", line 104, in poll_updates
    response.raise_for_status()
  File "/usr/local/lib/python3.12/site-packages/requests/models.py", line 1024, in raise_for_status
    raise HTTPError(http_error_msg, response=self)
requests.exceptions.HTTPError: 404 Client Error: Not Found for url: https://api.telegram.org/botREPLACE_WITH_BOT_TOKEN/getUpdates?timeout=30&allowed_updates=%5B%22message%22%2C+%22callback_query%22%5D
2026-08-30 07:36:10,660 | ERROR | telegram_gateway_application.utilities.utils_telegram.gateway_inbound | Telegram long polling request failed. Retrying...
Traceback (most recent call last):
  File "/telegram_gateway/telegram_gateway_application/utilities/utils_telegram/gateway_inbound.py", line 104, in poll_updates
    response.raise_for_status()
  File "/usr/local/lib/python3.12/site-packages/requests/models.py", line 1024, in raise_for_status
    raise HTTPError(http_error_msg, response=self)
requests.exceptions.HTTPError: 404 Client Error: Not Found for url: https://api.telegram.org/botREPLACE_WITH_BOT_TOKEN/getUpdates?timeout=30&allowed_updates=%5B%22message%22%2C+%22callback_query%22%5D
2026-08-30 07:36:16,386 | ERROR | telegram_gateway_application.utilities.utils_telegram.gateway_inbound | Telegram long polling request failed. Retrying...
Traceback (most recent call last):
  File "/telegram_gateway/telegram_gateway_application/utilities/utils_telegram/gateway_inbound.py", line 104, in poll_updates
    response.raise_for_status()
  File "/usr/local/lib/python3.12/site-packages/requests/models.py", line 1024, in raise_for_status
    raise HTTPError(http_error_msg, response=self)
requests.exceptions.HTTPError: 404 Client Error: Not Found for url: https://api.telegram.org/botREPLACE_WITH_BOT_TOKEN/getUpdates?timeout=30&allowed_updates=%5B%22message%22%2C+%22callback_query%22%5D
2026-08-30 07:36:22,116 | ERROR | telegram_gateway_application.utilities.utils_telegram.gateway_inbound | Telegram long polling request failed. Retrying...
Traceback (most recent call last):
  File "/telegram_gateway/telegram_gateway_application/utilities/utils_telegram/gateway_inbound.py", line 104, in poll_updates
    response.raise_for_status()
  File "/usr/local/lib/python3.12/site-packages/requests/models.py", line 1024, in raise_for_status
    raise HTTPError(http_error_msg, response=self)
requests.exceptions.HTTPError: 404 Client Error: Not Found for url: https://api.telegram.org/botREPLACE_WITH_BOT_TOKEN/getUpdates?timeout=30&allowed_updates=%5B%22message%22%2C+%22callback_query%22%5D
2026-08-30 07:36:27,830 | ERROR | telegram_gateway_application.utilities.utils_telegram.gateway_inbound | Telegram long polling request failed. Retrying...
Traceback (most recent call last):
  File "/telegram_gateway/telegram_gateway_application/utilities/utils_telegram/gateway_inbound.py", line 104, in poll_updates
    response.raise_for_status()
  File "/usr/local/lib/python3.12/site-packages/requests/models.py", line 1024, in raise_for_status
    raise HTTPError(http_error_msg, response=self)
requests.exceptions.HTTPError: 404 Client Error: Not Found for url: https://api.telegram.org/botREPLACE_WITH_BOT_TOKEN/getUpdates?timeout=30&allowed_updates=%5B%22message%22%2C+%22callback_query%22%5D
2026-08-30 07:36:33,532 | ERROR | telegram_gateway_application.utilities.utils_telegram.gateway_inbound | Telegram long polling request failed. Retrying...
Traceback (most recent call last):
  File "/telegram_gateway/telegram_gateway_application/utilities/utils_telegram/gateway_inbound.py", line 104, in poll_updates
    response.raise_for_status()
  File "/usr/local/lib/python3.12/site-packages/requests/models.py", line 1024, in raise_for_status
    raise HTTPError(http_error_msg, response=self)
requests.exceptions.HTTPError: 404 Client Error: Not Found for url: https://api.telegram.org/botREPLACE_WITH_BOT_TOKEN/getUpdates?timeout=30&allowed_updates=%5B%22message%22%2C+%22callback_query%22%5D
2026-08-30 07:36:39,254 | ERROR | telegram_gateway_application.utilities.utils_telegram.gateway_inbound | Telegram long polling request failed. Retrying...
Traceback (most recent call last):
  File "/telegram_gateway/telegram_gateway_application/utilities/utils_telegram/gateway_inbound.py", line 104, in poll_updates
    response.raise_for_status()
  File "/usr/local/lib/python3.12/site-packages/requests/models.py", line 1024, in raise_for_status
    raise HTTPError(http_error_msg, response=self)
requests.exceptions.HTTPError: 404 Client Error: Not Found for url: https://api.telegram.org/botREPLACE_WITH_BOT_TOKEN/getUpdates?timeout=30&allowed_updates=%5B%22message%22%2C+%22callback_query%22%5D
2026-08-30 07:36:46,140 | ERROR | telegram_gateway_application.utilities.utils_telegram.gateway_inbound | Telegram long polling request failed. Retrying...
Traceback (most recent call last):
  File "/telegram_gateway/telegram_gateway_application/utilities/utils_telegram/gateway_inbound.py", line 104, in poll_updates
    response.raise_for_status()
  File "/usr/local/lib/python3.12/site-packages/requests/models.py", line 1024, in raise_for_status
    raise HTTPError(http_error_msg, response=self)
requests.exceptions.HTTPError: 404 Client Error: Not Found for url: https://api.telegram.org/botREPLACE_WITH_BOT_TOKEN/getUpdates?timeout=30&allowed_updates=%5B%22message%22%2C+%22callback_query%22%5D
2026-08-30 07:36:51,895 | ERROR | telegram_gateway_application.utilities.utils_telegram.gateway_inbound | Telegram long polling request failed. Retrying...
Traceback (most recent call last):
  File "/telegram_gateway/telegram_gateway_application/utilities/utils_telegram/gateway_inbound.py", line 104, in poll_updates
    response.raise_for_status()
  File "/usr/local/lib/python3.12/site-packages/requests/models.py", line 1024, in raise_for_status
    raise HTTPError(http_error_msg, response=self)
requests.exceptions.HTTPError: 404 Client Error: Not Found for url: https://api.telegram.org/botREPLACE_WITH_BOT_TOKEN/getUpdates?timeout=30&allowed_updates=%5B%22message%22%2C+%22callback_query%22%5D
2026-08-30 07:36:57,623 | ERROR | telegram_gateway_application.utilities.utils_telegram.gateway_inbound | Telegram long polling request failed. Retrying...
Traceback (most recent call last):
  File "/telegram_gateway/telegram_gateway_application/utilities/utils_telegram/gateway_inbound.py", line 104, in poll_updates
    response.raise_for_status()
  File "/usr/local/lib/python3.12/site-packages/requests/models.py", line 1024, in raise_for_status
    raise HTTPError(http_error_msg, response=self)
requests.exceptions.HTTPError: 404 Client Error: Not Found for url: https://api.telegram.org/botREPLACE_WITH_BOT_TOKEN/getUpdates?timeout=30&allowed_updates=%5B%22message%22%2C+%22callback_query%22%5D
2026-08-30 07:37:03,350 | ERROR | telegram_gateway_application.utilities.utils_telegram.gateway_inbound | Telegram long polling request failed. Retrying...
Traceback (most recent call last):
  File "/telegram_gateway/telegram_gateway_application/utilities/utils_telegram/gateway_inbound.py", line 104, in poll_updates
    response.raise_for_status()
  File "/usr/local/lib/python3.12/site-packages/requests/models.py", line 1024, in raise_for_status
    raise HTTPError(http_error_msg, response=self)
requests.exceptions.HTTPError: 404 Client Error: Not Found for url: https://api.telegram.org/botREPLACE_WITH_BOT_TOKEN/getUpdates?timeout=30&allowed_updates=%5B%22message%22%2C+%22callback_query%22%5D
2026-08-30 07:37:09,079 | ERROR | telegram_gateway_application.utilities.utils_telegram.gateway_inbound | Telegram long polling request failed. Retrying...
Traceback (most recent call last):
  File "/telegram_gateway/telegram_gateway_application/utilities/utils_telegram/gateway_inbound.py", line 104, in poll_updates
    response.raise_for_status()
  File "/usr/local/lib/python3.12/site-packages/requests/models.py", line 1024, in raise_for_status
    raise HTTPError(http_error_msg, response=self)
requests.exceptions.HTTPError: 404 Client Error: Not Found for url: https://api.telegram.org/botREPLACE_WITH_BOT_TOKEN/getUpdates?timeout=30&allowed_updates=%5B%22message%22%2C+%22callback_query%22%5D
2026-08-30 07:37:14,801 | ERROR | telegram_gateway_application.utilities.utils_telegram.gateway_inbound | Telegram long polling request failed. Retrying...
Traceback (most recent call last):
  File "/telegram_gateway/telegram_gateway_application/utilities/utils_telegram/gateway_inbound.py", line 104, in poll_updates
    response.raise_for_status()
  File "/usr/local/lib/python3.12/site-packages/requests/models.py", line 1024, in raise_for_status
    raise HTTPError(http_error_msg, response=self)
requests.exceptions.HTTPError: 404 Client Error: Not Found for url: https://api.telegram.org/botREPLACE_WITH_BOT_TOKEN/getUpdates?timeout=30&allowed_updates=%5B%22message%22%2C+%22callback_query%22%5D
2026-08-30 07:37:20,531 | ERROR | telegram_gateway_application.utilities.utils_telegram.gateway_inbound | Telegram long polling request failed. Retrying...
Traceback (most recent call last):
  File "/telegram_gateway/telegram_gateway_application/utilities/utils_telegram/gateway_inbound.py", line 104, in poll_updates
    response.raise_for_status()
  File "/usr/local/lib/python3.12/site-packages/requests/models.py", line 1024, in raise_for_status
    raise HTTPError(http_error_msg, response=self)
requests.exceptions.HTTPError: 404 Client Error: Not Found for url: https://api.telegram.org/botREPLACE_WITH_BOT_TOKEN/getUpdates?timeout=30&allowed_updates=%5B%22message%22%2C+%22callback_query%22%5D
2026-08-30 07:37:26,262 | ERROR | telegram_gateway_application.utilities.utils_telegram.gateway_inbound | Telegram long polling request failed. Retrying...
Traceback (most recent call last):
  File "/telegram_gateway/telegram_gateway_application/utilities/utils_telegram/gateway_inbound.py", line 104, in poll_updates
    response.raise_for_status()
  File "/usr/local/lib/python3.12/site-packages/requests/models.py", line 1024, in raise_for_status
    raise HTTPError(http_error_msg, response=self)
requests.exceptions.HTTPError: 404 Client Error: Not Found for url: https://api.telegram.org/botREPLACE_WITH_BOT_TOKEN/getUpdates?timeout=30&allowed_updates=%5B%22message%22%2C+%22callback_query%22%5D
2026-08-30 07:37:31,967 | ERROR | telegram_gateway_application.utilities.utils_telegram.gateway_inbound | Telegram long polling request failed. Retrying...
Traceback (most recent call last):
  File "/telegram_gateway/telegram_gateway_application/utilities/utils_telegram/gateway_inbound.py", line 104, in poll_updates
    response.raise_for_status()
  File "/usr/local/lib/python3.12/site-packages/requests/models.py", line 1024, in raise_for_status
    raise HTTPError(http_error_msg, response=self)
requests.exceptions.HTTPError: 404 Client Error: Not Found for url: https://api.telegram.org/botREPLACE_WITH_BOT_TOKEN/getUpdates?timeout=30&allowed_updates=%5B%22message%22%2C+%22callback_query%22%5D
2026-08-30 07:37:37,693 | ERROR | telegram_gateway_application.utilities.utils_telegram.gateway_inbound | Telegram long polling request failed. Retrying...
Traceback (most recent call last):
  File "/telegram_gateway/telegram_gateway_application/utilities/utils_telegram/gateway_inbound.py", line 104, in poll_updates
    response.raise_for_status()
  File "/usr/local/lib/python3.12/site-packages/requests/models.py", line 1024, in raise_for_status
    raise HTTPError(http_error_msg, response=self)
requests.exceptions.HTTPError: 404 Client Error: Not Found for url: https://api.telegram.org/botREPLACE_WITH_BOT_TOKEN/getUpdates?timeout=30&allowed_updates=%5B%22message%22%2C+%22callback_query%22%5D
2026-08-30 07:37:43,408 | ERROR | telegram_gateway_application.utilities.utils_telegram.gateway_inbound | Telegram long polling request failed. Retrying...
Traceback (most recent call last):
  File "/telegram_gateway/telegram_gateway_application/utilities/utils_telegram/gateway_inbound.py", line 104, in poll_updates
    response.raise_for_status()
  File "/usr/local/lib/python3.12/site-packages/requests/models.py", line 1024, in raise_for_status
    raise HTTPError(http_error_msg, response=self)
requests.exceptions.HTTPError: 404 Client Error: Not Found for url: https://api.telegram.org/botREPLACE_WITH_BOT_TOKEN/getUpdates?timeout=30&allowed_updates=%5B%22message%22%2C+%22callback_query%22%5D
2026-08-30 07:37:49,121 | ERROR | telegram_gateway_application.utilities.utils_telegram.gateway_inbound | Telegram long polling request failed. Retrying...
Traceback (most recent call last):
  File "/telegram_gateway/telegram_gateway_application/utilities/utils_telegram/gateway_inbound.py", line 104, in poll_updates
    response.raise_for_status()
  File "/usr/local/lib/python3.12/site-packages/requests/models.py", line 1024, in raise_for_status
    raise HTTPError(http_error_msg, response=self)
requests.exceptions.HTTPError: 404 Client Error: Not Found for url: https://api.telegram.org/botREPLACE_WITH_BOT_TOKEN/getUpdates?timeout=30&allowed_updates=%5B%22message%22%2C+%22callback_query%22%5D
2026-08-30 07:37:54,840 | ERROR | telegram_gateway_application.utilities.utils_telegram.gateway_inbound | Telegram long polling request failed. Retrying...
Traceback (most recent call last):
  File "/telegram_gateway/telegram_gateway_application/utilities/utils_telegram/gateway_inbound.py", line 104, in poll_updates
    response.raise_for_status()
  File "/usr/local/lib/python3.12/site-packages/requests/models.py", line 1024, in raise_for_status
    raise HTTPError(http_error_msg, response=self)
requests.exceptions.HTTPError: 404 Client Error: Not Found for url: https://api.telegram.org/botREPLACE_WITH_BOT_TOKEN/getUpdates?timeout=30&allowed_updates=%5B%22message%22%2C+%22callback_query%22%5D
2026-08-30 07:38:00,544 | ERROR | telegram_gateway_application.utilities.utils_telegram.gateway_inbound | Telegram long polling request failed. Retrying...
Traceback (most recent call last):
  File "/telegram_gateway/telegram_gateway_application/utilities/utils_telegram/gateway_inbound.py", line 104, in poll_updates
    response.raise_for_status()
  File "/usr/local/lib/python3.12/site-packages/requests/models.py", line 1024, in raise_for_status
    raise HTTPError(http_error_msg, response=self)
requests.exceptions.HTTPError: 404 Client Error: Not Found for url: https://api.telegram.org/botREPLACE_WITH_BOT_TOKEN/getUpdates?timeout=30&allowed_updates=%5B%22message%22%2C+%22callback_query%22%5D
2026-08-30 07:38:06,272 | ERROR | telegram_gateway_application.utilities.utils_telegram.gateway_inbound | Telegram long polling request failed. Retrying...
Traceback (most recent call last):
  File "/telegram_gateway/telegram_gateway_application/utilities/utils_telegram/gateway_inbound.py", line 104, in poll_updates
    response.raise_for_status()
  File "/usr/local/lib/python3.12/site-packages/requests/models.py", line 1024, in raise_for_status
    raise HTTPError(http_error_msg, response=self)
requests.exceptions.HTTPError: 404 Client Error: Not Found for url: https://api.telegram.org/botREPLACE_WITH_BOT_TOKEN/getUpdates?timeout=30&allowed_updates=%5B%22message%22%2C+%22callback_query%22%5D
2026-08-30 07:38:12,005 | ERROR | telegram_gateway_application.utilities.utils_telegram.gateway_inbound | Telegram long polling request failed. Retrying...
Traceback (most recent call last):
  File "/telegram_gateway/telegram_gateway_application/utilities/utils_telegram/gateway_inbound.py", line 104, in poll_updates
    response.raise_for_status()
  File "/usr/local/lib/python3.12/site-packages/requests/models.py", line 1024, in raise_for_status
    raise HTTPError(http_error_msg, response=self)
requests.exceptions.HTTPError: 404 Client Error: Not Found for url: https://api.telegram.org/botREPLACE_WITH_BOT_TOKEN/getUpdates?timeout=30&allowed_updates=%5B%22message%22%2C+%22callback_query%22%5D
2026-08-30 07:38:17,724 | ERROR | telegram_gateway_application.utilities.utils_telegram.gateway_inbound | Telegram long polling request failed. Retrying...
Traceback (most recent call last):
  File "/telegram_gateway/telegram_gateway_application/utilities/utils_telegram/gateway_inbound.py", line 104, in poll_updates
    response.raise_for_status()
  File "/usr/local/lib/python3.12/site-packages/requests/models.py", line 1024, in raise_for_status
    raise HTTPError(http_error_msg, response=self)
requests.exceptions.HTTPError: 404 Client Error: Not Found for url: https://api.telegram.org/botREPLACE_WITH_BOT_TOKEN/getUpdates?timeout=30&allowed_updates=%5B%22message%22%2C+%22callback_query%22%5D
2026-08-30 07:38:23,452 | ERROR | telegram_gateway_application.utilities.utils_telegram.gateway_inbound | Telegram long polling request failed. Retrying...
Traceback (most recent call last):
  File "/telegram_gateway/telegram_gateway_application/utilities/utils_telegram/gateway_inbound.py", line 104, in poll_updates
    response.raise_for_status()
  File "/usr/local/lib/python3.12/site-packages/requests/models.py", line 1024, in raise_for_status
    raise HTTPError(http_error_msg, response=self)
requests.exceptions.HTTPError: 404 Client Error: Not Found for url: https://api.telegram.org/botREPLACE_WITH_BOT_TOKEN/getUpdates?timeout=30&allowed_updates=%5B%22message%22%2C+%22callback_query%22%5D
2026-08-30 07:38:29,200 | ERROR | telegram_gateway_application.utilities.utils_telegram.gateway_inbound | Telegram long polling request failed. Retrying...
Traceback (most recent call last):
  File "/telegram_gateway/telegram_gateway_application/utilities/utils_telegram/gateway_inbound.py", line 104, in poll_updates
    response.raise_for_status()
  File "/usr/local/lib/python3.12/site-packages/requests/models.py", line 1024, in raise_for_status
    raise HTTPError(http_error_msg, response=self)
requests.exceptions.HTTPError: 404 Client Error: Not Found for url: https://api.telegram.org/botREPLACE_WITH_BOT_TOKEN/getUpdates?timeout=30&allowed_updates=%5B%22message%22%2C+%22callback_query%22%5D
2026-08-30 07:38:34,916 | ERROR | telegram_gateway_application.utilities.utils_telegram.gateway_inbound | Telegram long polling request failed. Retrying...
Traceback (most recent call last):
  File "/telegram_gateway/telegram_gateway_application/utilities/utils_telegram/gateway_inbound.py", line 104, in poll_updates
    response.raise_for_status()
  File "/usr/local/lib/python3.12/site-packages/requests/models.py", line 1024, in raise_for_status
    raise HTTPError(http_error_msg, response=self)
requests.exceptions.HTTPError: 404 Client Error: Not Found for url: https://api.telegram.org/botREPLACE_WITH_BOT_TOKEN/getUpdates?timeout=30&allowed_updates=%5B%22message%22%2C+%22callback_query%22%5D
2026-08-30 07:38:40,672 | ERROR | telegram_gateway_application.utilities.utils_telegram.gateway_inbound | Telegram long polling request failed. Retrying...
Traceback (most recent call last):
  File "/telegram_gateway/telegram_gateway_application/utilities/utils_telegram/gateway_inbound.py", line 104, in poll_updates
    response.raise_for_status()
  File "/usr/local/lib/python3.12/site-packages/requests/models.py", line 1024, in raise_for_status
    raise HTTPError(http_error_msg, response=self)
requests.exceptions.HTTPError: 404 Client Error: Not Found for url: https://api.telegram.org/botREPLACE_WITH_BOT_TOKEN/getUpdates?timeout=30&allowed_updates=%5B%22message%22%2C+%22callback_query%22%5D
2026-08-30 07:38:46,390 | ERROR | telegram_gateway_application.utilities.utils_telegram.gateway_inbound | Telegram long polling request failed. Retrying...
Traceback (most recent call last):
  File "/telegram_gateway/telegram_gateway_application/utilities/utils_telegram/gateway_inbound.py", line 104, in poll_updates
    response.raise_for_status()
  File "/usr/local/lib/python3.12/site-packages/requests/models.py", line 1024, in raise_for_status
    raise HTTPError(http_error_msg, response=self)
requests.exceptions.HTTPError: 404 Client Error: Not Found for url: https://api.telegram.org/botREPLACE_WITH_BOT_TOKEN/getUpdates?timeout=30&allowed_updates=%5B%22message%22%2C+%22callback_query%22%5D
2026-08-30 07:38:52,115 | ERROR | telegram_gateway_application.utilities.utils_telegram.gateway_inbound | Telegram long polling request failed. Retrying...
Traceback (most recent call last):
  File "/telegram_gateway/telegram_gateway_application/utilities/utils_telegram/gateway_inbound.py", line 104, in poll_updates
    response.raise_for_status()
  File "/usr/local/lib/python3.12/site-packages/requests/models.py", line 1024, in raise_for_status
    raise HTTPError(http_error_msg, response=self)
requests.exceptions.HTTPError: 404 Client Error: Not Found for url: https://api.telegram.org/botREPLACE_WITH_BOT_TOKEN/getUpdates?timeout=30&allowed_updates=%5B%22message%22%2C+%22callback_query%22%5D
2026-08-30 07:38:57,865 | ERROR | telegram_gateway_application.utilities.utils_telegram.gateway_inbound | Telegram long polling request failed. Retrying...
Traceback (most recent call last):
  File "/telegram_gateway/telegram_gateway_application/utilities/utils_telegram/gateway_inbound.py", line 104, in poll_updates
    response.raise_for_status()
  File "/usr/local/lib/python3.12/site-packages/requests/models.py", line 1024, in raise_for_status
    raise HTTPError(http_error_msg, response=self)
requests.exceptions.HTTPError: 404 Client Error: Not Found for url: https://api.telegram.org/botREPLACE_WITH_BOT_TOKEN/getUpdates?timeout=30&allowed_updates=%5B%22message%22%2C+%22callback_query%22%5D
2026-08-30 07:39:03,574 | ERROR | telegram_gateway_application.utilities.utils_telegram.gateway_inbound | Telegram long polling request failed. Retrying...
Traceback (most recent call last):
  File "/telegram_gateway/telegram_gateway_application/utilities/utils_telegram/gateway_inbound.py", line 104, in poll_updates
    response.raise_for_status()
  File "/usr/local/lib/python3.12/site-packages/requests/models.py", line 1024, in raise_for_status
    raise HTTPError(http_error_msg, response=self)
requests.exceptions.HTTPError: 404 Client Error: Not Found for url: https://api.telegram.org/botREPLACE_WITH_BOT_TOKEN/getUpdates?timeout=30&allowed_updates=%5B%22message%22%2C+%22callback_query%22%5D
2026-08-30 07:39:09,301 | ERROR | telegram_gateway_application.utilities.utils_telegram.gateway_inbound | Telegram long polling request failed. Retrying...
Traceback (most recent call last):
  File "/telegram_gateway/telegram_gateway_application/utilities/utils_telegram/gateway_inbound.py", line 104, in poll_updates
    response.raise_for_status()
  File "/usr/local/lib/python3.12/site-packages/requests/models.py", line 1024, in raise_for_status
    raise HTTPError(http_error_msg, response=self)
requests.exceptions.HTTPError: 404 Client Error: Not Found for url: https://api.telegram.org/botREPLACE_WITH_BOT_TOKEN/getUpdates?timeout=30&allowed_updates=%5B%22message%22%2C+%22callback_query%22%5D
2026-08-30 07:39:15,006 | ERROR | telegram_gateway_application.utilities.utils_telegram.gateway_inbound | Telegram long polling request failed. Retrying...
Traceback (most recent call last):
  File "/telegram_gateway/telegram_gateway_application/utilities/utils_telegram/gateway_inbound.py", line 104, in poll_updates
    response.raise_for_status()
  File "/usr/local/lib/python3.12/site-packages/requests/models.py", line 1024, in raise_for_status
    raise HTTPError(http_error_msg, response=self)
requests.exceptions.HTTPError: 404 Client Error: Not Found for url: https://api.telegram.org/botREPLACE_WITH_BOT_TOKEN/getUpdates?timeout=30&allowed_updates=%5B%22message%22%2C+%22callback_query%22%5D
2026-08-30 07:39:20,724 | ERROR | telegram_gateway_application.utilities.utils_telegram.gateway_inbound | Telegram long polling request failed. Retrying...
Traceback (most recent call last):
  File "/telegram_gateway/telegram_gateway_application/utilities/utils_telegram/gateway_inbound.py", line 104, in poll_updates
    response.raise_for_status()
  File "/usr/local/lib/python3.12/site-packages/requests/models.py", line 1024, in raise_for_status
    raise HTTPError(http_error_msg, response=self)
requests.exceptions.HTTPError: 404 Client Error: Not Found for url: https://api.telegram.org/botREPLACE_WITH_BOT_TOKEN/getUpdates?timeout=30&allowed_updates=%5B%22message%22%2C+%22callback_query%22%5D
2026-08-30 07:39:26,435 | ERROR | telegram_gateway_application.utilities.utils_telegram.gateway_inbound | Telegram long polling request failed. Retrying...
Traceback (most recent call last):
  File "/telegram_gateway/telegram_gateway_application/utilities/utils_telegram/gateway_inbound.py", line 104, in poll_updates
    response.raise_for_status()
  File "/usr/local/lib/python3.12/site-packages/requests/models.py", line 1024, in raise_for_status
    raise HTTPError(http_error_msg, response=self)
requests.exceptions.HTTPError: 404 Client Error: Not Found for url: https://api.telegram.org/botREPLACE_WITH_BOT_TOKEN/getUpdates?timeout=30&allowed_updates=%5B%22message%22%2C+%22callback_query%22%5D
2026-08-30 07:39:32,143 | ERROR | telegram_gateway_application.utilities.utils_telegram.gateway_inbound | Telegram long polling request failed. Retrying...
Traceback (most recent call last):
  File "/telegram_gateway/telegram_gateway_application/utilities/utils_telegram/gateway_inbound.py", line 104, in poll_updates
    response.raise_for_status()
  File "/usr/local/lib/python3.12/site-packages/requests/models.py", line 1024, in raise_for_status
    raise HTTPError(http_error_msg, response=self)
requests.exceptions.HTTPError: 404 Client Error: Not Found for url: https://api.telegram.org/botREPLACE_WITH_BOT_TOKEN/getUpdates?timeout=30&allowed_updates=%5B%22message%22%2C+%22callback_query%22%5D
2026-08-30 07:39:37,860 | ERROR | telegram_gateway_application.utilities.utils_telegram.gateway_inbound | Telegram long polling request failed. Retrying...
Traceback (most recent call last):
  File "/telegram_gateway/telegram_gateway_application/utilities/utils_telegram/gateway_inbound.py", line 104, in poll_updates
    response.raise_for_status()
  File "/usr/local/lib/python3.12/site-packages/requests/models.py", line 1024, in raise_for_status
    raise HTTPError(http_error_msg, response=self)
requests.exceptions.HTTPError: 404 Client Error: Not Found for url: https://api.telegram.org/botREPLACE_WITH_BOT_TOKEN/getUpdates?timeout=30&allowed_updates=%5B%22message%22%2C+%22callback_query%22%5D
2026-08-30 07:39:43,584 | ERROR | telegram_gateway_application.utilities.utils_telegram.gateway_inbound | Telegram long polling request failed. Retrying...
Traceback (most recent call last):
  File "/telegram_gateway/telegram_gateway_application/utilities/utils_telegram/gateway_inbound.py", line 104, in poll_updates
    response.raise_for_status()
  File "/usr/local/lib/python3.12/site-packages/requests/models.py", line 1024, in raise_for_status
    raise HTTPError(http_error_msg, response=self)
requests.exceptions.HTTPError: 404 Client Error: Not Found for url: https://api.telegram.org/botREPLACE_WITH_BOT_TOKEN/getUpdates?timeout=30&allowed_updates=%5B%22message%22%2C+%22callback_query%22%5D
2026-08-30 07:39:49,308 | ERROR | telegram_gateway_application.utilities.utils_telegram.gateway_inbound | Telegram long polling request failed. Retrying...
Traceback (most recent call last):
  File "/telegram_gateway/telegram_gateway_application/utilities/utils_telegram/gateway_inbound.py", line 104, in poll_updates
    response.raise_for_status()
  File "/usr/local/lib/python3.12/site-packages/requests/models.py", line 1024, in raise_for_status
    raise HTTPError(http_error_msg, response=self)
requests.exceptions.HTTPError: 404 Client Error: Not Found for url: https://api.telegram.org/botREPLACE_WITH_BOT_TOKEN/getUpdates?timeout=30&allowed_updates=%5B%22message%22%2C+%22callback_query%22%5D
2026-08-30 07:39:55,039 | ERROR | telegram_gateway_application.utilities.utils_telegram.gateway_inbound | Telegram long polling request failed. Retrying...
Traceback (most recent call last):
  File "/telegram_gateway/telegram_gateway_application/utilities/utils_telegram/gateway_inbound.py", line 104, in poll_updates
    response.raise_for_status()
  File "/usr/local/lib/python3.12/site-packages/requests/models.py", line 1024, in raise_for_status
    raise HTTPError(http_error_msg, response=self)
requests.exceptions.HTTPError: 404 Client Error: Not Found for url: https://api.telegram.org/botREPLACE_WITH_BOT_TOKEN/getUpdates?timeout=30&allowed_updates=%5B%22message%22%2C+%22callback_query%22%5D
2026-08-30 07:40:00,763 | ERROR | telegram_gateway_application.utilities.utils_telegram.gateway_inbound | Telegram long polling request failed. Retrying...
Traceback (most recent call last):
  File "/telegram_gateway/telegram_gateway_application/utilities/utils_telegram/gateway_inbound.py", line 104, in poll_updates
    response.raise_for_status()
  File "/usr/local/lib/python3.12/site-packages/requests/models.py", line 1024, in raise_for_status
    raise HTTPError(http_error_msg, response=self)
requests.exceptions.HTTPError: 404 Client Error: Not Found for url: https://api.telegram.org/botREPLACE_WITH_BOT_TOKEN/getUpdates?timeout=30&allowed_updates=%5B%22message%22%2C+%22callback_query%22%5D
2026-08-30 07:40:06,479 | ERROR | telegram_gateway_application.utilities.utils_telegram.gateway_inbound | Telegram long polling request failed. Retrying...
Traceback (most recent call last):
  File "/telegram_gateway/telegram_gateway_application/utilities/utils_telegram/gateway_inbound.py", line 104, in poll_updates
    response.raise_for_status()
  File "/usr/local/lib/python3.12/site-packages/requests/models.py", line 1024, in raise_for_status
    raise HTTPError(http_error_msg, response=self)
requests.exceptions.HTTPError: 404 Client Error: Not Found for url: https://api.telegram.org/botREPLACE_WITH_BOT_TOKEN/getUpdates?timeout=30&allowed_updates=%5B%22message%22%2C+%22callback_query%22%5D
2026-08-30 07:40:12,197 | ERROR | telegram_gateway_application.utilities.utils_telegram.gateway_inbound | Telegram long polling request failed. Retrying...
Traceback (most recent call last):
  File "/telegram_gateway/telegram_gateway_application/utilities/utils_telegram/gateway_inbound.py", line 104, in poll_updates
    response.raise_for_status()
  File "/usr/local/lib/python3.12/site-packages/requests/models.py", line 1024, in raise_for_status
    raise HTTPError(http_error_msg, response=self)
requests.exceptions.HTTPError: 404 Client Error: Not Found for url: https://api.telegram.org/botREPLACE_WITH_BOT_TOKEN/getUpdates?timeout=30&allowed_updates=%5B%22message%22%2C+%22callback_query%22%5D
2026-08-30 07:40:17,913 | ERROR | telegram_gateway_application.utilities.utils_telegram.gateway_inbound | Telegram long polling request failed. Retrying...
Traceback (most recent call last):
  File "/telegram_gateway/telegram_gateway_application/utilities/utils_telegram/gateway_inbound.py", line 104, in poll_updates
    response.raise_for_status()
  File "/usr/local/lib/python3.12/site-packages/requests/models.py", line 1024, in raise_for_status
    raise HTTPError(http_error_msg, response=self)
requests.exceptions.HTTPError: 404 Client Error: Not Found for url: https://api.telegram.org/botREPLACE_WITH_BOT_TOKEN/getUpdates?timeout=30&allowed_updates=%5B%22message%22%2C+%22callback_query%22%5D
2026-08-30 07:40:23,638 | ERROR | telegram_gateway_application.utilities.utils_telegram.gateway_inbound | Telegram long polling request failed. Retrying...
Traceback (most recent call last):
  File "/telegram_gateway/telegram_gateway_application/utilities/utils_telegram/gateway_inbound.py", line 104, in poll_updates
    response.raise_for_status()
  File "/usr/local/lib/python3.12/site-packages/requests/models.py", line 1024, in raise_for_status
    raise HTTPError(http_error_msg, response=self)
requests.exceptions.HTTPError: 404 Client Error: Not Found for url: https://api.telegram.org/botREPLACE_WITH_BOT_TOKEN/getUpdates?timeout=30&allowed_updates=%5B%22message%22%2C+%22callback_query%22%5D
2026-08-30 07:40:29,359 | ERROR | telegram_gateway_application.utilities.utils_telegram.gateway_inbound | Telegram long polling request failed. Retrying...
Traceback (most recent call last):
  File "/telegram_gateway/telegram_gateway_application/utilities/utils_telegram/gateway_inbound.py", line 104, in poll_updates
    response.raise_for_status()
  File "/usr/local/lib/python3.12/site-packages/requests/models.py", line 1024, in raise_for_status
    raise HTTPError(http_error_msg, response=self)
requests.exceptions.HTTPError: 404 Client Error: Not Found for url: https://api.telegram.org/botREPLACE_WITH_BOT_TOKEN/getUpdates?timeout=30&allowed_updates=%5B%22message%22%2C+%22callback_query%22%5D
2026-08-30 07:40:35,074 | ERROR | telegram_gateway_application.utilities.utils_telegram.gateway_inbound | Telegram long polling request failed. Retrying...
Traceback (most recent call last):
  File "/telegram_gateway/telegram_gateway_application/utilities/utils_telegram/gateway_inbound.py", line 104, in poll_updates
    response.raise_for_status()
  File "/usr/local/lib/python3.12/site-packages/requests/models.py", line 1024, in raise_for_status
    raise HTTPError(http_error_msg, response=self)
requests.exceptions.HTTPError: 404 Client Error: Not Found for url: https://api.telegram.org/botREPLACE_WITH_BOT_TOKEN/getUpdates?timeout=30&allowed_updates=%5B%22message%22%2C+%22callback_query%22%5D
2026-08-30 07:40:40,774 | ERROR | telegram_gateway_application.utilities.utils_telegram.gateway_inbound | Telegram long polling request failed. Retrying...
Traceback (most recent call last):
  File "/telegram_gateway/telegram_gateway_application/utilities/utils_telegram/gateway_inbound.py", line 104, in poll_updates
    response.raise_for_status()
  File "/usr/local/lib/python3.12/site-packages/requests/models.py", line 1024, in raise_for_status
    raise HTTPError(http_error_msg, response=self)
requests.exceptions.HTTPError: 404 Client Error: Not Found for url: https://api.telegram.org/botREPLACE_WITH_BOT_TOKEN/getUpdates?timeout=30&allowed_updates=%5B%22message%22%2C+%22callback_query%22%5D
2026-08-30 07:40:46,490 | ERROR | telegram_gateway_application.utilities.utils_telegram.gateway_inbound | Telegram long polling request failed. Retrying...
Traceback (most recent call last):
  File "/telegram_gateway/telegram_gateway_application/utilities/utils_telegram/gateway_inbound.py", line 104, in poll_updates
    response.raise_for_status()
  File "/usr/local/lib/python3.12/site-packages/requests/models.py", line 1024, in raise_for_status
    raise HTTPError(http_error_msg, response=self)
requests.exceptions.HTTPError: 404 Client Error: Not Found for url: https://api.telegram.org/botREPLACE_WITH_BOT_TOKEN/getUpdates?timeout=30&allowed_updates=%5B%22message%22%2C+%22callback_query%22%5D
2026-08-30 07:40:52,208 | ERROR | telegram_gateway_application.utilities.utils_telegram.gateway_inbound | Telegram long polling request failed. Retrying...
Traceback (most recent call last):
  File "/telegram_gateway/telegram_gateway_application/utilities/utils_telegram/gateway_inbound.py", line 104, in poll_updates
    response.raise_for_status()
  File "/usr/local/lib/python3.12/site-packages/requests/models.py", line 1024, in raise_for_status
    raise HTTPError(http_error_msg, response=self)
requests.exceptions.HTTPError: 404 Client Error: Not Found for url: https://api.telegram.org/botREPLACE_WITH_BOT_TOKEN/getUpdates?timeout=30&allowed_updates=%5B%22message%22%2C+%22callback_query%22%5D
2026-08-30 07:40:57,925 | ERROR | telegram_gateway_application.utilities.utils_telegram.gateway_inbound | Telegram long polling request failed. Retrying...
Traceback (most recent call last):
  File "/telegram_gateway/telegram_gateway_application/utilities/utils_telegram/gateway_inbound.py", line 104, in poll_updates
    response.raise_for_status()
  File "/usr/local/lib/python3.12/site-packages/requests/models.py", line 1024, in raise_for_status
    raise HTTPError(http_error_msg, response=self)
requests.exceptions.HTTPError: 404 Client Error: Not Found for url: https://api.telegram.org/botREPLACE_WITH_BOT_TOKEN/getUpdates?timeout=30&allowed_updates=%5B%22message%22%2C+%22callback_query%22%5D
2026-08-30 07:41:03,628 | ERROR | telegram_gateway_application.utilities.utils_telegram.gateway_inbound | Telegram long polling request failed. Retrying...
Traceback (most recent call last):
  File "/telegram_gateway/telegram_gateway_application/utilities/utils_telegram/gateway_inbound.py", line 104, in poll_updates
    response.raise_for_status()
  File "/usr/local/lib/python3.12/site-packages/requests/models.py", line 1024, in raise_for_status
    raise HTTPError(http_error_msg, response=self)
requests.exceptions.HTTPError: 404 Client Error: Not Found for url: https://api.telegram.org/botREPLACE_WITH_BOT_TOKEN/getUpdates?timeout=30&allowed_updates=%5B%22message%22%2C+%22callback_query%22%5D
2026-08-30 07:41:09,341 | ERROR | telegram_gateway_application.utilities.utils_telegram.gateway_inbound | Telegram long polling request failed. Retrying...
Traceback (most recent call last):
  File "/telegram_gateway/telegram_gateway_application/utilities/utils_telegram/gateway_inbound.py", line 104, in poll_updates
    response.raise_for_status()
  File "/usr/local/lib/python3.12/site-packages/requests/models.py", line 1024, in raise_for_status
    raise HTTPError(http_error_msg, response=self)
requests.exceptions.HTTPError: 404 Client Error: Not Found for url: https://api.telegram.org/botREPLACE_WITH_BOT_TOKEN/getUpdates?timeout=30&allowed_updates=%5B%22message%22%2C+%22callback_query%22%5D
2026-08-30 07:41:15,044 | ERROR | telegram_gateway_application.utilities.utils_telegram.gateway_inbound | Telegram long polling request failed. Retrying...
Traceback (most recent call last):
  File "/telegram_gateway/telegram_gateway_application/utilities/utils_telegram/gateway_inbound.py", line 104, in poll_updates
    response.raise_for_status()
  File "/usr/local/lib/python3.12/site-packages/requests/models.py", line 1024, in raise_for_status
    raise HTTPError(http_error_msg, response=self)
requests.exceptions.HTTPError: 404 Client Error: Not Found for url: https://api.telegram.org/botREPLACE_WITH_BOT_TOKEN/getUpdates?timeout=30&allowed_updates=%5B%22message%22%2C+%22callback_query%22%5D
2026-08-30 07:41:20,771 | ERROR | telegram_gateway_application.utilities.utils_telegram.gateway_inbound | Telegram long polling request failed. Retrying...
Traceback (most recent call last):
  File "/telegram_gateway/telegram_gateway_application/utilities/utils_telegram/gateway_inbound.py", line 104, in poll_updates
    response.raise_for_status()
  File "/usr/local/lib/python3.12/site-packages/requests/models.py", line 1024, in raise_for_status
    raise HTTPError(http_error_msg, response=self)
requests.exceptions.HTTPError: 404 Client Error: Not Found for url: https://api.telegram.org/botREPLACE_WITH_BOT_TOKEN/getUpdates?timeout=30&allowed_updates=%5B%22message%22%2C+%22callback_query%22%5D
2026-08-30 07:41:26,530 | ERROR | telegram_gateway_application.utilities.utils_telegram.gateway_inbound | Telegram long polling request failed. Retrying...
Traceback (most recent call last):
  File "/telegram_gateway/telegram_gateway_application/utilities/utils_telegram/gateway_inbound.py", line 104, in poll_updates
    response.raise_for_status()
  File "/usr/local/lib/python3.12/site-packages/requests/models.py", line 1024, in raise_for_status
    raise HTTPError(http_error_msg, response=self)
requests.exceptions.HTTPError: 404 Client Error: Not Found for url: https://api.telegram.org/botREPLACE_WITH_BOT_TOKEN/getUpdates?timeout=30&allowed_updates=%5B%22message%22%2C+%22callback_query%22%5D
2026-08-30 07:41:32,245 | ERROR | telegram_gateway_application.utilities.utils_telegram.gateway_inbound | Telegram long polling request failed. Retrying...
Traceback (most recent call last):
  File "/telegram_gateway/telegram_gateway_application/utilities/utils_telegram/gateway_inbound.py", line 104, in poll_updates
    response.raise_for_status()
  File "/usr/local/lib/python3.12/site-packages/requests/models.py", line 1024, in raise_for_status
    raise HTTPError(http_error_msg, response=self)
requests.exceptions.HTTPError: 404 Client Error: Not Found for url: https://api.telegram.org/botREPLACE_WITH_BOT_TOKEN/getUpdates?timeout=30&allowed_updates=%5B%22message%22%2C+%22callback_query%22%5D
2026-08-30 07:41:37,952 | ERROR | telegram_gateway_application.utilities.utils_telegram.gateway_inbound | Telegram long polling request failed. Retrying...
Traceback (most recent call last):
  File "/telegram_gateway/telegram_gateway_application/utilities/utils_telegram/gateway_inbound.py", line 104, in poll_updates
    response.raise_for_status()
  File "/usr/local/lib/python3.12/site-packages/requests/models.py", line 1024, in raise_for_status
    raise HTTPError(http_error_msg, response=self)
requests.exceptions.HTTPError: 404 Client Error: Not Found for url: https://api.telegram.org/botREPLACE_WITH_BOT_TOKEN/getUpdates?timeout=30&allowed_updates=%5B%22message%22%2C+%22callback_query%22%5D
2026-08-30 07:41:44,538 | ERROR | telegram_gateway_application.utilities.utils_telegram.gateway_inbound | Telegram long polling request failed. Retrying...
Traceback (most recent call last):
  File "/telegram_gateway/telegram_gateway_application/utilities/utils_telegram/gateway_inbound.py", line 104, in poll_updates
    response.raise_for_status()
  File "/usr/local/lib/python3.12/site-packages/requests/models.py", line 1024, in raise_for_status
    raise HTTPError(http_error_msg, response=self)
requests.exceptions.HTTPError: 404 Client Error: Not Found for url: https://api.telegram.org/botREPLACE_WITH_BOT_TOKEN/getUpdates?timeout=30&allowed_updates=%5B%22message%22%2C+%22callback_query%22%5D
2026-08-30 07:41:50,257 | ERROR | telegram_gateway_application.utilities.utils_telegram.gateway_inbound | Telegram long polling request failed. Retrying...
Traceback (most recent call last):
  File "/telegram_gateway/telegram_gateway_application/utilities/utils_telegram/gateway_inbound.py", line 104, in poll_updates
    response.raise_for_status()
  File "/usr/local/lib/python3.12/site-packages/requests/models.py", line 1024, in raise_for_status
    raise HTTPError(http_error_msg, response=self)
requests.exceptions.HTTPError: 404 Client Error: Not Found for url: https://api.telegram.org/botREPLACE_WITH_BOT_TOKEN/getUpdates?timeout=30&allowed_updates=%5B%22message%22%2C+%22callback_query%22%5D
2026-08-30 07:41:56,000 | ERROR | telegram_gateway_application.utilities.utils_telegram.gateway_inbound | Telegram long polling request failed. Retrying...
Traceback (most recent call last):
  File "/telegram_gateway/telegram_gateway_application/utilities/utils_telegram/gateway_inbound.py", line 104, in poll_updates
    response.raise_for_status()
  File "/usr/local/lib/python3.12/site-packages/requests/models.py", line 1024, in raise_for_status
    raise HTTPError(http_error_msg, response=self)
requests.exceptions.HTTPError: 404 Client Error: Not Found for url: https://api.telegram.org/botREPLACE_WITH_BOT_TOKEN/getUpdates?timeout=30&allowed_updates=%5B%22message%22%2C+%22callback_query%22%5D
2026-08-30 07:42:01,757 | ERROR | telegram_gateway_application.utilities.utils_telegram.gateway_inbound | Telegram long polling request failed. Retrying...
Traceback (most recent call last):
  File "/telegram_gateway/telegram_gateway_application/utilities/utils_telegram/gateway_inbound.py", line 104, in poll_updates
    response.raise_for_status()
  File "/usr/local/lib/python3.12/site-packages/requests/models.py", line 1024, in raise_for_status
    raise HTTPError(http_error_msg, response=self)
requests.exceptions.HTTPError: 404 Client Error: Not Found for url: https://api.telegram.org/botREPLACE_WITH_BOT_TOKEN/getUpdates?timeout=30&allowed_updates=%5B%22message%22%2C+%22callback_query%22%5D
2026-08-30 07:42:07,486 | ERROR | telegram_gateway_application.utilities.utils_telegram.gateway_inbound | Telegram long polling request failed. Retrying...
Traceback (most recent call last):
  File "/telegram_gateway/telegram_gateway_application/utilities/utils_telegram/gateway_inbound.py", line 104, in poll_updates
    response.raise_for_status()
  File "/usr/local/lib/python3.12/site-packages/requests/models.py", line 1024, in raise_for_status
    raise HTTPError(http_error_msg, response=self)
requests.exceptions.HTTPError: 404 Client Error: Not Found for url: https://api.telegram.org/botREPLACE_WITH_BOT_TOKEN/getUpdates?timeout=30&allowed_updates=%5B%22message%22%2C+%22callback_query%22%5D
2026-08-30 07:42:13,218 | ERROR | telegram_gateway_application.utilities.utils_telegram.gateway_inbound | Telegram long polling request failed. Retrying...
Traceback (most recent call last):
  File "/telegram_gateway/telegram_gateway_application/utilities/utils_telegram/gateway_inbound.py", line 104, in poll_updates
    response.raise_for_status()
  File "/usr/local/lib/python3.12/site-packages/requests/models.py", line 1024, in raise_for_status
    raise HTTPError(http_error_msg, response=self)
requests.exceptions.HTTPError: 404 Client Error: Not Found for url: https://api.telegram.org/botREPLACE_WITH_BOT_TOKEN/getUpdates?timeout=30&allowed_updates=%5B%22message%22%2C+%22callback_query%22%5D
2026-08-30 07:42:18,947 | ERROR | telegram_gateway_application.utilities.utils_telegram.gateway_inbound | Telegram long polling request failed. Retrying...
Traceback (most recent call last):
  File "/telegram_gateway/telegram_gateway_application/utilities/utils_telegram/gateway_inbound.py", line 104, in poll_updates
    response.raise_for_status()
  File "/usr/local/lib/python3.12/site-packages/requests/models.py", line 1024, in raise_for_status
    raise HTTPError(http_error_msg, response=self)
requests.exceptions.HTTPError: 404 Client Error: Not Found for url: https://api.telegram.org/botREPLACE_WITH_BOT_TOKEN/getUpdates?timeout=30&allowed_updates=%5B%22message%22%2C+%22callback_query%22%5D
2026-08-30 07:42:24,697 | ERROR | telegram_gateway_application.utilities.utils_telegram.gateway_inbound | Telegram long polling request failed. Retrying...
Traceback (most recent call last):
  File "/telegram_gateway/telegram_gateway_application/utilities/utils_telegram/gateway_inbound.py", line 104, in poll_updates
    response.raise_for_status()
  File "/usr/local/lib/python3.12/site-packages/requests/models.py", line 1024, in raise_for_status
    raise HTTPError(http_error_msg, response=self)
requests.exceptions.HTTPError: 404 Client Error: Not Found for url: https://api.telegram.org/botREPLACE_WITH_BOT_TOKEN/getUpdates?timeout=30&allowed_updates=%5B%22message%22%2C+%22callback_query%22%5D
2026-08-30 07:42:30,455 | ERROR | telegram_gateway_application.utilities.utils_telegram.gateway_inbound | Telegram long polling request failed. Retrying...
Traceback (most recent call last):
  File "/telegram_gateway/telegram_gateway_application/utilities/utils_telegram/gateway_inbound.py", line 104, in poll_updates
    response.raise_for_status()
  File "/usr/local/lib/python3.12/site-packages/requests/models.py", line 1024, in raise_for_status
    raise HTTPError(http_error_msg, response=self)
requests.exceptions.HTTPError: 404 Client Error: Not Found for url: https://api.telegram.org/botREPLACE_WITH_BOT_TOKEN/getUpdates?timeout=30&allowed_updates=%5B%22message%22%2C+%22callback_query%22%5D
2026-08-30 07:42:36,201 | ERROR | telegram_gateway_application.utilities.utils_telegram.gateway_inbound | Telegram long polling request failed. Retrying...
Traceback (most recent call last):
  File "/telegram_gateway/telegram_gateway_application/utilities/utils_telegram/gateway_inbound.py", line 104, in poll_updates
    response.raise_for_status()
  File "/usr/local/lib/python3.12/site-packages/requests/models.py", line 1024, in raise_for_status
    raise HTTPError(http_error_msg, response=self)
requests.exceptions.HTTPError: 404 Client Error: Not Found for url: https://api.telegram.org/botREPLACE_WITH_BOT_TOKEN/getUpdates?timeout=30&allowed_updates=%5B%22message%22%2C+%22callback_query%22%5D
2026-08-30 07:42:41,966 | ERROR | telegram_gateway_application.utilities.utils_telegram.gateway_inbound | Telegram long polling request failed. Retrying...
Traceback (most recent call last):
  File "/telegram_gateway/telegram_gateway_application/utilities/utils_telegram/gateway_inbound.py", line 104, in poll_updates
    response.raise_for_status()
  File "/usr/local/lib/python3.12/site-packages/requests/models.py", line 1024, in raise_for_status
    raise HTTPError(http_error_msg, response=self)
requests.exceptions.HTTPError: 404 Client Error: Not Found for url: https://api.telegram.org/botREPLACE_WITH_BOT_TOKEN/getUpdates?timeout=30&allowed_updates=%5B%22message%22%2C+%22callback_query%22%5D
2026-08-30 07:42:47,758 | ERROR | telegram_gateway_application.utilities.utils_telegram.gateway_inbound | Telegram long polling request failed. Retrying...
Traceback (most recent call last):
  File "/telegram_gateway/telegram_gateway_application/utilities/utils_telegram/gateway_inbound.py", line 104, in poll_updates
    response.raise_for_status()
  File "/usr/local/lib/python3.12/site-packages/requests/models.py", line 1024, in raise_for_status
    raise HTTPError(http_error_msg, response=self)
requests.exceptions.HTTPError: 404 Client Error: Not Found for url: https://api.telegram.org/botREPLACE_WITH_BOT_TOKEN/getUpdates?timeout=30&allowed_updates=%5B%22message%22%2C+%22callback_query%22%5D
2026-08-30 07:42:53,507 | ERROR | telegram_gateway_application.utilities.utils_telegram.gateway_inbound | Telegram long polling request failed. Retrying...
Traceback (most recent call last):
  File "/telegram_gateway/telegram_gateway_application/utilities/utils_telegram/gateway_inbound.py", line 104, in poll_updates
    response.raise_for_status()
  File "/usr/local/lib/python3.12/site-packages/requests/models.py", line 1024, in raise_for_status
    raise HTTPError(http_error_msg, response=self)
requests.exceptions.HTTPError: 404 Client Error: Not Found for url: https://api.telegram.org/botREPLACE_WITH_BOT_TOKEN/getUpdates?timeout=30&allowed_updates=%5B%22message%22%2C+%22callback_query%22%5D
2026-08-30 07:42:59,233 | ERROR | telegram_gateway_application.utilities.utils_telegram.gateway_inbound | Telegram long polling request failed. Retrying...
Traceback (most recent call last):
  File "/telegram_gateway/telegram_gateway_application/utilities/utils_telegram/gateway_inbound.py", line 104, in poll_updates
    response.raise_for_status()
  File "/usr/local/lib/python3.12/site-packages/requests/models.py", line 1024, in raise_for_status
    raise HTTPError(http_error_msg, response=self)
requests.exceptions.HTTPError: 404 Client Error: Not Found for url: https://api.telegram.org/botREPLACE_WITH_BOT_TOKEN/getUpdates?timeout=30&allowed_updates=%5B%22message%22%2C+%22callback_query%22%5D
2026-08-30 07:43:04,979 | ERROR | telegram_gateway_application.utilities.utils_telegram.gateway_inbound | Telegram long polling request failed. Retrying...
Traceback (most recent call last):
  File "/telegram_gateway/telegram_gateway_application/utilities/utils_telegram/gateway_inbound.py", line 104, in poll_updates
    response.raise_for_status()
  File "/usr/local/lib/python3.12/site-packages/requests/models.py", line 1024, in raise_for_status
    raise HTTPError(http_error_msg, response=self)
requests.exceptions.HTTPError: 404 Client Error: Not Found for url: https://api.telegram.org/botREPLACE_WITH_BOT_TOKEN/getUpdates?timeout=30&allowed_updates=%5B%22message%22%2C+%22callback_query%22%5D
2026-08-30 07:43:10,702 | ERROR | telegram_gateway_application.utilities.utils_telegram.gateway_inbound | Telegram long polling request failed. Retrying...
Traceback (most recent call last):
  File "/telegram_gateway/telegram_gateway_application/utilities/utils_telegram/gateway_inbound.py", line 104, in poll_updates
    response.raise_for_status()
  File "/usr/local/lib/python3.12/site-packages/requests/models.py", line 1024, in raise_for_status
    raise HTTPError(http_error_msg, response=self)
requests.exceptions.HTTPError: 404 Client Error: Not Found for url: https://api.telegram.org/botREPLACE_WITH_BOT_TOKEN/getUpdates?timeout=30&allowed_updates=%5B%22message%22%2C+%22callback_query%22%5D
2026-08-30 07:43:16,414 | ERROR | telegram_gateway_application.utilities.utils_telegram.gateway_inbound | Telegram long polling request failed. Retrying...
Traceback (most recent call last):
  File "/telegram_gateway/telegram_gateway_application/utilities/utils_telegram/gateway_inbound.py", line 104, in poll_updates
    response.raise_for_status()
  File "/usr/local/lib/python3.12/site-packages/requests/models.py", line 1024, in raise_for_status
    raise HTTPError(http_error_msg, response=self)
requests.exceptions.HTTPError: 404 Client Error: Not Found for url: https://api.telegram.org/botREPLACE_WITH_BOT_TOKEN/getUpdates?timeout=30&allowed_updates=%5B%22message%22%2C+%22callback_query%22%5D
2026-08-30 07:43:22,126 | ERROR | telegram_gateway_application.utilities.utils_telegram.gateway_inbound | Telegram long polling request failed. Retrying...
Traceback (most recent call last):
  File "/telegram_gateway/telegram_gateway_application/utilities/utils_telegram/gateway_inbound.py", line 104, in poll_updates
    response.raise_for_status()
  File "/usr/local/lib/python3.12/site-packages/requests/models.py", line 1024, in raise_for_status
    raise HTTPError(http_error_msg, response=self)
requests.exceptions.HTTPError: 404 Client Error: Not Found for url: https://api.telegram.org/botREPLACE_WITH_BOT_TOKEN/getUpdates?timeout=30&allowed_updates=%5B%22message%22%2C+%22callback_query%22%5D
2026-08-30 07:43:27,828 | ERROR | telegram_gateway_application.utilities.utils_telegram.gateway_inbound | Telegram long polling request failed. Retrying...
Traceback (most recent call last):
  File "/telegram_gateway/telegram_gateway_application/utilities/utils_telegram/gateway_inbound.py", line 104, in poll_updates
    response.raise_for_status()
  File "/usr/local/lib/python3.12/site-packages/requests/models.py", line 1024, in raise_for_status
    raise HTTPError(http_error_msg, response=self)
requests.exceptions.HTTPError: 404 Client Error: Not Found for url: https://api.telegram.org/botREPLACE_WITH_BOT_TOKEN/getUpdates?timeout=30&allowed_updates=%5B%22message%22%2C+%22callback_query%22%5D
2026-08-30 07:43:33,535 | ERROR | telegram_gateway_application.utilities.utils_telegram.gateway_inbound | Telegram long polling request failed. Retrying...
Traceback (most recent call last):
  File "/telegram_gateway/telegram_gateway_application/utilities/utils_telegram/gateway_inbound.py", line 104, in poll_updates
    response.raise_for_status()
  File "/usr/local/lib/python3.12/site-packages/requests/models.py", line 1024, in raise_for_status
    raise HTTPError(http_error_msg, response=self)
requests.exceptions.HTTPError: 404 Client Error: Not Found for url: https://api.telegram.org/botREPLACE_WITH_BOT_TOKEN/getUpdates?timeout=30&allowed_updates=%5B%22message%22%2C+%22callback_query%22%5D
2026-08-30 07:43:39,248 | ERROR | telegram_gateway_application.utilities.utils_telegram.gateway_inbound | Telegram long polling request failed. Retrying...
Traceback (most recent call last):
  File "/telegram_gateway/telegram_gateway_application/utilities/utils_telegram/gateway_inbound.py", line 104, in poll_updates
    response.raise_for_status()
  File "/usr/local/lib/python3.12/site-packages/requests/models.py", line 1024, in raise_for_status
    raise HTTPError(http_error_msg, response=self)
requests.exceptions.HTTPError: 404 Client Error: Not Found for url: https://api.telegram.org/botREPLACE_WITH_BOT_TOKEN/getUpdates?timeout=30&allowed_updates=%5B%22message%22%2C+%22callback_query%22%5D
2026-08-30 07:43:44,991 | ERROR | telegram_gateway_application.utilities.utils_telegram.gateway_inbound | Telegram long polling request failed. Retrying...
Traceback (most recent call last):
  File "/telegram_gateway/telegram_gateway_application/utilities/utils_telegram/gateway_inbound.py", line 104, in poll_updates
    response.raise_for_status()
  File "/usr/local/lib/python3.12/site-packages/requests/models.py", line 1024, in raise_for_status
    raise HTTPError(http_error_msg, response=self)
requests.exceptions.HTTPError: 404 Client Error: Not Found for url: https://api.telegram.org/botREPLACE_WITH_BOT_TOKEN/getUpdates?timeout=30&allowed_updates=%5B%22message%22%2C+%22callback_query%22%5D
2026-08-30 07:43:50,704 | ERROR | telegram_gateway_application.utilities.utils_telegram.gateway_inbound | Telegram long polling request failed. Retrying...
Traceback (most recent call last):
  File "/telegram_gateway/telegram_gateway_application/utilities/utils_telegram/gateway_inbound.py", line 104, in poll_updates
    response.raise_for_status()
  File "/usr/local/lib/python3.12/site-packages/requests/models.py", line 1024, in raise_for_status
    raise HTTPError(http_error_msg, response=self)
requests.exceptions.HTTPError: 404 Client Error: Not Found for url: https://api.telegram.org/botREPLACE_WITH_BOT_TOKEN/getUpdates?timeout=30&allowed_updates=%5B%22message%22%2C+%22callback_query%22%5D
2026-08-30 07:43:56,444 | ERROR | telegram_gateway_application.utilities.utils_telegram.gateway_inbound | Telegram long polling request failed. Retrying...
Traceback (most recent call last):
  File "/telegram_gateway/telegram_gateway_application/utilities/utils_telegram/gateway_inbound.py", line 104, in poll_updates
    response.raise_for_status()
  File "/usr/local/lib/python3.12/site-packages/requests/models.py", line 1024, in raise_for_status
    raise HTTPError(http_error_msg, response=self)
requests.exceptions.HTTPError: 404 Client Error: Not Found for url: https://api.telegram.org/botREPLACE_WITH_BOT_TOKEN/getUpdates?timeout=30&allowed_updates=%5B%22message%22%2C+%22callback_query%22%5D
2026-08-30 07:44:02,162 | ERROR | telegram_gateway_application.utilities.utils_telegram.gateway_inbound | Telegram long polling request failed. Retrying...
Traceback (most recent call last):
  File "/telegram_gateway/telegram_gateway_application/utilities/utils_telegram/gateway_inbound.py", line 104, in poll_updates
    response.raise_for_status()
  File "/usr/local/lib/python3.12/site-packages/requests/models.py", line 1024, in raise_for_status
    raise HTTPError(http_error_msg, response=self)
requests.exceptions.HTTPError: 404 Client Error: Not Found for url: https://api.telegram.org/botREPLACE_WITH_BOT_TOKEN/getUpdates?timeout=30&allowed_updates=%5B%22message%22%2C+%22callback_query%22%5D
2026-08-30 07:44:07,890 | ERROR | telegram_gateway_application.utilities.utils_telegram.gateway_inbound | Telegram long polling request failed. Retrying...
Traceback (most recent call last):
  File "/telegram_gateway/telegram_gateway_application/utilities/utils_telegram/gateway_inbound.py", line 104, in poll_updates
    response.raise_for_status()
  File "/usr/local/lib/python3.12/site-packages/requests/models.py", line 1024, in raise_for_status
    raise HTTPError(http_error_msg, response=self)
requests.exceptions.HTTPError: 404 Client Error: Not Found for url: https://api.telegram.org/botREPLACE_WITH_BOT_TOKEN/getUpdates?timeout=30&allowed_updates=%5B%22message%22%2C+%22callback_query%22%5D
2026-08-30 07:44:13,599 | ERROR | telegram_gateway_application.utilities.utils_telegram.gateway_inbound | Telegram long polling request failed. Retrying...
Traceback (most recent call last):
  File "/telegram_gateway/telegram_gateway_application/utilities/utils_telegram/gateway_inbound.py", line 104, in poll_updates
    response.raise_for_status()
  File "/usr/local/lib/python3.12/site-packages/requests/models.py", line 1024, in raise_for_status
    raise HTTPError(http_error_msg, response=self)
requests.exceptions.HTTPError: 404 Client Error: Not Found for url: https://api.telegram.org/botREPLACE_WITH_BOT_TOKEN/getUpdates?timeout=30&allowed_updates=%5B%22message%22%2C+%22callback_query%22%5D
2026-08-30 07:44:19,333 | ERROR | telegram_gateway_application.utilities.utils_telegram.gateway_inbound | Telegram long polling request failed. Retrying...
Traceback (most recent call last):
  File "/telegram_gateway/telegram_gateway_application/utilities/utils_telegram/gateway_inbound.py", line 104, in poll_updates
    response.raise_for_status()
  File "/usr/local/lib/python3.12/site-packages/requests/models.py", line 1024, in raise_for_status
    raise HTTPError(http_error_msg, response=self)
requests.exceptions.HTTPError: 404 Client Error: Not Found for url: https://api.telegram.org/botREPLACE_WITH_BOT_TOKEN/getUpdates?timeout=30&allowed_updates=%5B%22message%22%2C+%22callback_query%22%5D
2026-08-30 07:44:25,052 | ERROR | telegram_gateway_application.utilities.utils_telegram.gateway_inbound | Telegram long polling request failed. Retrying...
Traceback (most recent call last):
  File "/telegram_gateway/telegram_gateway_application/utilities/utils_telegram/gateway_inbound.py", line 104, in poll_updates
    response.raise_for_status()
  File "/usr/local/lib/python3.12/site-packages/requests/models.py", line 1024, in raise_for_status
    raise HTTPError(http_error_msg, response=self)
requests.exceptions.HTTPError: 404 Client Error: Not Found for url: https://api.telegram.org/botREPLACE_WITH_BOT_TOKEN/getUpdates?timeout=30&allowed_updates=%5B%22message%22%2C+%22callback_query%22%5D
2026-08-30 07:44:30,836 | ERROR | telegram_gateway_application.utilities.utils_telegram.gateway_inbound | Telegram long polling request failed. Retrying...
Traceback (most recent call last):
  File "/telegram_gateway/telegram_gateway_application/utilities/utils_telegram/gateway_inbound.py", line 104, in poll_updates
    response.raise_for_status()
  File "/usr/local/lib/python3.12/site-packages/requests/models.py", line 1024, in raise_for_status
    raise HTTPError(http_error_msg, response=self)
requests.exceptions.HTTPError: 404 Client Error: Not Found for url: https://api.telegram.org/botREPLACE_WITH_BOT_TOKEN/getUpdates?timeout=30&allowed_updates=%5B%22message%22%2C+%22callback_query%22%5D
2026-08-30 07:44:36,586 | ERROR | telegram_gateway_application.utilities.utils_telegram.gateway_inbound | Telegram long polling request failed. Retrying...
Traceback (most recent call last):
  File "/telegram_gateway/telegram_gateway_application/utilities/utils_telegram/gateway_inbound.py", line 104, in poll_updates
    response.raise_for_status()
  File "/usr/local/lib/python3.12/site-packages/requests/models.py", line 1024, in raise_for_status
    raise HTTPError(http_error_msg, response=self)
requests.exceptions.HTTPError: 404 Client Error: Not Found for url: https://api.telegram.org/botREPLACE_WITH_BOT_TOKEN/getUpdates?timeout=30&allowed_updates=%5B%22message%22%2C+%22callback_query%22%5D
2026-08-30 07:44:42,299 | ERROR | telegram_gateway_application.utilities.utils_telegram.gateway_inbound | Telegram long polling request failed. Retrying...
Traceback (most recent call last):
  File "/telegram_gateway/telegram_gateway_application/utilities/utils_telegram/gateway_inbound.py", line 104, in poll_updates
    response.raise_for_status()
  File "/usr/local/lib/python3.12/site-packages/requests/models.py", line 1024, in raise_for_status
    raise HTTPError(http_error_msg, response=self)
requests.exceptions.HTTPError: 404 Client Error: Not Found for url: https://api.telegram.org/botREPLACE_WITH_BOT_TOKEN/getUpdates?timeout=30&allowed_updates=%5B%22message%22%2C+%22callback_query%22%5D
2026-08-30 07:44:48,009 | ERROR | telegram_gateway_application.utilities.utils_telegram.gateway_inbound | Telegram long polling request failed. Retrying...
Traceback (most recent call last):
  File "/telegram_gateway/telegram_gateway_application/utilities/utils_telegram/gateway_inbound.py", line 104, in poll_updates
    response.raise_for_status()
  File "/usr/local/lib/python3.12/site-packages/requests/models.py", line 1024, in raise_for_status
    raise HTTPError(http_error_msg, response=self)
requests.exceptions.HTTPError: 404 Client Error: Not Found for url: https://api.telegram.org/botREPLACE_WITH_BOT_TOKEN/getUpdates?timeout=30&allowed_updates=%5B%22message%22%2C+%22callback_query%22%5D
2026-08-30 07:44:53,724 | ERROR | telegram_gateway_application.utilities.utils_telegram.gateway_inbound | Telegram long polling request failed. Retrying...
Traceback (most recent call last):
  File "/telegram_gateway/telegram_gateway_application/utilities/utils_telegram/gateway_inbound.py", line 104, in poll_updates
    response.raise_for_status()
  File "/usr/local/lib/python3.12/site-packages/requests/models.py", line 1024, in raise_for_status
    raise HTTPError(http_error_msg, response=self)
requests.exceptions.HTTPError: 404 Client Error: Not Found for url: https://api.telegram.org/botREPLACE_WITH_BOT_TOKEN/getUpdates?timeout=30&allowed_updates=%5B%22message%22%2C+%22callback_query%22%5D
2026-08-30 07:44:59,436 | ERROR | telegram_gateway_application.utilities.utils_telegram.gateway_inbound | Telegram long polling request failed. Retrying...
Traceback (most recent call last):
  File "/telegram_gateway/telegram_gateway_application/utilities/utils_telegram/gateway_inbound.py", line 104, in poll_updates
    response.raise_for_status()
  File "/usr/local/lib/python3.12/site-packages/requests/models.py", line 1024, in raise_for_status
    raise HTTPError(http_error_msg, response=self)
requests.exceptions.HTTPError: 404 Client Error: Not Found for url: https://api.telegram.org/botREPLACE_WITH_BOT_TOKEN/getUpdates?timeout=30&allowed_updates=%5B%22message%22%2C+%22callback_query%22%5D
2026-08-30 07:45:05,159 | ERROR | telegram_gateway_application.utilities.utils_telegram.gateway_inbound | Telegram long polling request failed. Retrying...
Traceback (most recent call last):
  File "/telegram_gateway/telegram_gateway_application/utilities/utils_telegram/gateway_inbound.py", line 104, in poll_updates
    response.raise_for_status()
  File "/usr/local/lib/python3.12/site-packages/requests/models.py", line 1024, in raise_for_status
    raise HTTPError(http_error_msg, response=self)
requests.exceptions.HTTPError: 404 Client Error: Not Found for url: https://api.telegram.org/botREPLACE_WITH_BOT_TOKEN/getUpdates?timeout=30&allowed_updates=%5B%22message%22%2C+%22callback_query%22%5D
2026-08-30 07:45:10,882 | ERROR | telegram_gateway_application.utilities.utils_telegram.gateway_inbound | Telegram long polling request failed. Retrying...
Traceback (most recent call last):
  File "/telegram_gateway/telegram_gateway_application/utilities/utils_telegram/gateway_inbound.py", line 104, in poll_updates
    response.raise_for_status()
  File "/usr/local/lib/python3.12/site-packages/requests/models.py", line 1024, in raise_for_status
    raise HTTPError(http_error_msg, response=self)
requests.exceptions.HTTPError: 404 Client Error: Not Found for url: https://api.telegram.org/botREPLACE_WITH_BOT_TOKEN/getUpdates?timeout=30&allowed_updates=%5B%22message%22%2C+%22callback_query%22%5D
2026-08-30 07:45:16,602 | ERROR | telegram_gateway_application.utilities.utils_telegram.gateway_inbound | Telegram long polling request failed. Retrying...
Traceback (most recent call last):
  File "/telegram_gateway/telegram_gateway_application/utilities/utils_telegram/gateway_inbound.py", line 104, in poll_updates
    response.raise_for_status()
  File "/usr/local/lib/python3.12/site-packages/requests/models.py", line 1024, in raise_for_status
    raise HTTPError(http_error_msg, response=self)
requests.exceptions.HTTPError: 404 Client Error: Not Found for url: https://api.telegram.org/botREPLACE_WITH_BOT_TOKEN/getUpdates?timeout=30&allowed_updates=%5B%22message%22%2C+%22callback_query%22%5D
2026-08-30 07:45:22,365 | ERROR | telegram_gateway_application.utilities.utils_telegram.gateway_inbound | Telegram long polling request failed. Retrying...
Traceback (most recent call last):
  File "/telegram_gateway/telegram_gateway_application/utilities/utils_telegram/gateway_inbound.py", line 104, in poll_updates
    response.raise_for_status()
  File "/usr/local/lib/python3.12/site-packages/requests/models.py", line 1024, in raise_for_status
    raise HTTPError(http_error_msg, response=self)
requests.exceptions.HTTPError: 404 Client Error: Not Found for url: https://api.telegram.org/botREPLACE_WITH_BOT_TOKEN/getUpdates?timeout=30&allowed_updates=%5B%22message%22%2C+%22callback_query%22%5D
2026-08-30 07:45:28,087 | ERROR | telegram_gateway_application.utilities.utils_telegram.gateway_inbound | Telegram long polling request failed. Retrying...
Traceback (most recent call last):
  File "/telegram_gateway/telegram_gateway_application/utilities/utils_telegram/gateway_inbound.py", line 104, in poll_updates
    response.raise_for_status()
  File "/usr/local/lib/python3.12/site-packages/requests/models.py", line 1024, in raise_for_status
    raise HTTPError(http_error_msg, response=self)
requests.exceptions.HTTPError: 404 Client Error: Not Found for url: https://api.telegram.org/botREPLACE_WITH_BOT_TOKEN/getUpdates?timeout=30&allowed_updates=%5B%22message%22%2C+%22callback_query%22%5D
2026-08-30 07:45:33,811 | ERROR | telegram_gateway_application.utilities.utils_telegram.gateway_inbound | Telegram long polling request failed. Retrying...
Traceback (most recent call last):
  File "/telegram_gateway/telegram_gateway_application/utilities/utils_telegram/gateway_inbound.py", line 104, in poll_updates
    response.raise_for_status()
  File "/usr/local/lib/python3.12/site-packages/requests/models.py", line 1024, in raise_for_status
    raise HTTPError(http_error_msg, response=self)
requests.exceptions.HTTPError: 404 Client Error: Not Found for url: https://api.telegram.org/botREPLACE_WITH_BOT_TOKEN/getUpdates?timeout=30&allowed_updates=%5B%22message%22%2C+%22callback_query%22%5D
2026-08-30 07:45:39,524 | ERROR | telegram_gateway_application.utilities.utils_telegram.gateway_inbound | Telegram long polling request failed. Retrying...
Traceback (most recent call last):
  File "/telegram_gateway/telegram_gateway_application/utilities/utils_telegram/gateway_inbound.py", line 104, in poll_updates
    response.raise_for_status()
  File "/usr/local/lib/python3.12/site-packages/requests/models.py", line 1024, in raise_for_status
    raise HTTPError(http_error_msg, response=self)
requests.exceptions.HTTPError: 404 Client Error: Not Found for url: https://api.telegram.org/botREPLACE_WITH_BOT_TOKEN/getUpdates?timeout=30&allowed_updates=%5B%22message%22%2C+%22callback_query%22%5D
2026-08-30 07:45:45,265 | ERROR | telegram_gateway_application.utilities.utils_telegram.gateway_inbound | Telegram long polling request failed. Retrying...
Traceback (most recent call last):
  File "/telegram_gateway/telegram_gateway_application/utilities/utils_telegram/gateway_inbound.py", line 104, in poll_updates
    response.raise_for_status()
  File "/usr/local/lib/python3.12/site-packages/requests/models.py", line 1024, in raise_for_status
    raise HTTPError(http_error_msg, response=self)
requests.exceptions.HTTPError: 404 Client Error: Not Found for url: https://api.telegram.org/botREPLACE_WITH_BOT_TOKEN/getUpdates?timeout=30&allowed_updates=%5B%22message%22%2C+%22callback_query%22%5D
2026-08-30 07:45:50,977 | ERROR | telegram_gateway_application.utilities.utils_telegram.gateway_inbound | Telegram long polling request failed. Retrying...
Traceback (most recent call last):
  File "/telegram_gateway/telegram_gateway_application/utilities/utils_telegram/gateway_inbound.py", line 104, in poll_updates
    response.raise_for_status()
  File "/usr/local/lib/python3.12/site-packages/requests/models.py", line 1024, in raise_for_status
    raise HTTPError(http_error_msg, response=self)
requests.exceptions.HTTPError: 404 Client Error: Not Found for url: https://api.telegram.org/botREPLACE_WITH_BOT_TOKEN/getUpdates?timeout=30&allowed_updates=%5B%22message%22%2C+%22callback_query%22%5D
2026-08-30 07:45:56,689 | ERROR | telegram_gateway_application.utilities.utils_telegram.gateway_inbound | Telegram long polling request failed. Retrying...
Traceback (most recent call last):
  File "/telegram_gateway/telegram_gateway_application/utilities/utils_telegram/gateway_inbound.py", line 104, in poll_updates
    response.raise_for_status()
  File "/usr/local/lib/python3.12/site-packages/requests/models.py", line 1024, in raise_for_status
    raise HTTPError(http_error_msg, response=self)
requests.exceptions.HTTPError: 404 Client Error: Not Found for url: https://api.telegram.org/botREPLACE_WITH_BOT_TOKEN/getUpdates?timeout=30&allowed_updates=%5B%22message%22%2C+%22callback_query%22%5D
2026-08-30 07:46:02,405 | ERROR | telegram_gateway_application.utilities.utils_telegram.gateway_inbound | Telegram long polling request failed. Retrying...
Traceback (most recent call last):
  File "/telegram_gateway/telegram_gateway_application/utilities/utils_telegram/gateway_inbound.py", line 104, in poll_updates
    response.raise_for_status()
  File "/usr/local/lib/python3.12/site-packages/requests/models.py", line 1024, in raise_for_status
    raise HTTPError(http_error_msg, response=self)
requests.exceptions.HTTPError: 404 Client Error: Not Found for url: https://api.telegram.org/botREPLACE_WITH_BOT_TOKEN/getUpdates?timeout=30&allowed_updates=%5B%22message%22%2C+%22callback_query%22%5D
2026-08-30 07:46:08,118 | ERROR | telegram_gateway_application.utilities.utils_telegram.gateway_inbound | Telegram long polling request failed. Retrying...
Traceback (most recent call last):
  File "/telegram_gateway/telegram_gateway_application/utilities/utils_telegram/gateway_inbound.py", line 104, in poll_updates
    response.raise_for_status()
  File "/usr/local/lib/python3.12/site-packages/requests/models.py", line 1024, in raise_for_status
    raise HTTPError(http_error_msg, response=self)
requests.exceptions.HTTPError: 404 Client Error: Not Found for url: https://api.telegram.org/botREPLACE_WITH_BOT_TOKEN/getUpdates?timeout=30&allowed_updates=%5B%22message%22%2C+%22callback_query%22%5D
2026-08-30 07:46:13,841 | ERROR | telegram_gateway_application.utilities.utils_telegram.gateway_inbound | Telegram long polling request failed. Retrying...
Traceback (most recent call last):
  File "/telegram_gateway/telegram_gateway_application/utilities/utils_telegram/gateway_inbound.py", line 104, in poll_updates
    response.raise_for_status()
  File "/usr/local/lib/python3.12/site-packages/requests/models.py", line 1024, in raise_for_status
    raise HTTPError(http_error_msg, response=self)
requests.exceptions.HTTPError: 404 Client Error: Not Found for url: https://api.telegram.org/botREPLACE_WITH_BOT_TOKEN/getUpdates?timeout=30&allowed_updates=%5B%22message%22%2C+%22callback_query%22%5D
2026-08-30 07:46:19,573 | ERROR | telegram_gateway_application.utilities.utils_telegram.gateway_inbound | Telegram long polling request failed. Retrying...
Traceback (most recent call last):
  File "/telegram_gateway/telegram_gateway_application/utilities/utils_telegram/gateway_inbound.py", line 104, in poll_updates
    response.raise_for_status()
  File "/usr/local/lib/python3.12/site-packages/requests/models.py", line 1024, in raise_for_status
    raise HTTPError(http_error_msg, response=self)
requests.exceptions.HTTPError: 404 Client Error: Not Found for url: https://api.telegram.org/botREPLACE_WITH_BOT_TOKEN/getUpdates?timeout=30&allowed_updates=%5B%22message%22%2C+%22callback_query%22%5D
2026-08-30 07:46:25,296 | ERROR | telegram_gateway_application.utilities.utils_telegram.gateway_inbound | Telegram long polling request failed. Retrying...
Traceback (most recent call last):
  File "/telegram_gateway/telegram_gateway_application/utilities/utils_telegram/gateway_inbound.py", line 104, in poll_updates
    response.raise_for_status()
  File "/usr/local/lib/python3.12/site-packages/requests/models.py", line 1024, in raise_for_status
    raise HTTPError(http_error_msg, response=self)
requests.exceptions.HTTPError: 404 Client Error: Not Found for url: https://api.telegram.org/botREPLACE_WITH_BOT_TOKEN/getUpdates?timeout=30&allowed_updates=%5B%22message%22%2C+%22callback_query%22%5D
2026-08-30 07:46:31,043 | ERROR | telegram_gateway_application.utilities.utils_telegram.gateway_inbound | Telegram long polling request failed. Retrying...
Traceback (most recent call last):
  File "/telegram_gateway/telegram_gateway_application/utilities/utils_telegram/gateway_inbound.py", line 104, in poll_updates
    response.raise_for_status()
  File "/usr/local/lib/python3.12/site-packages/requests/models.py", line 1024, in raise_for_status
    raise HTTPError(http_error_msg, response=self)
requests.exceptions.HTTPError: 404 Client Error: Not Found for url: https://api.telegram.org/botREPLACE_WITH_BOT_TOKEN/getUpdates?timeout=30&allowed_updates=%5B%22message%22%2C+%22callback_query%22%5D
2026-08-30 07:46:36,764 | ERROR | telegram_gateway_application.utilities.utils_telegram.gateway_inbound | Telegram long polling request failed. Retrying...
Traceback (most recent call last):
  File "/telegram_gateway/telegram_gateway_application/utilities/utils_telegram/gateway_inbound.py", line 104, in poll_updates
    response.raise_for_status()
  File "/usr/local/lib/python3.12/site-packages/requests/models.py", line 1024, in raise_for_status
    raise HTTPError(http_error_msg, response=self)
requests.exceptions.HTTPError: 404 Client Error: Not Found for url: https://api.telegram.org/botREPLACE_WITH_BOT_TOKEN/getUpdates?timeout=30&allowed_updates=%5B%22message%22%2C+%22callback_query%22%5D
2026-08-30 07:46:42,508 | ERROR | telegram_gateway_application.utilities.utils_telegram.gateway_inbound | Telegram long polling request failed. Retrying...
Traceback (most recent call last):
  File "/telegram_gateway/telegram_gateway_application/utilities/utils_telegram/gateway_inbound.py", line 104, in poll_updates
    response.raise_for_status()
  File "/usr/local/lib/python3.12/site-packages/requests/models.py", line 1024, in raise_for_status
    raise HTTPError(http_error_msg, response=self)
requests.exceptions.HTTPError: 404 Client Error: Not Found for url: https://api.telegram.org/botREPLACE_WITH_BOT_TOKEN/getUpdates?timeout=30&allowed_updates=%5B%22message%22%2C+%22callback_query%22%5D
2026-08-30 07:46:48,228 | ERROR | telegram_gateway_application.utilities.utils_telegram.gateway_inbound | Telegram long polling request failed. Retrying...
Traceback (most recent call last):
  File "/telegram_gateway/telegram_gateway_application/utilities/utils_telegram/gateway_inbound.py", line 104, in poll_updates
    response.raise_for_status()
  File "/usr/local/lib/python3.12/site-packages/requests/models.py", line 1024, in raise_for_status
    raise HTTPError(http_error_msg, response=self)
requests.exceptions.HTTPError: 404 Client Error: Not Found for url: https://api.telegram.org/botREPLACE_WITH_BOT_TOKEN/getUpdates?timeout=30&allowed_updates=%5B%22message%22%2C+%22callback_query%22%5D
2026-08-30 07:46:53,955 | ERROR | telegram_gateway_application.utilities.utils_telegram.gateway_inbound | Telegram long polling request failed. Retrying...
Traceback (most recent call last):
  File "/telegram_gateway/telegram_gateway_application/utilities/utils_telegram/gateway_inbound.py", line 104, in poll_updates
    response.raise_for_status()
  File "/usr/local/lib/python3.12/site-packages/requests/models.py", line 1024, in raise_for_status
    raise HTTPError(http_error_msg, response=self)
requests.exceptions.HTTPError: 404 Client Error: Not Found for url: https://api.telegram.org/botREPLACE_WITH_BOT_TOKEN/getUpdates?timeout=30&allowed_updates=%5B%22message%22%2C+%22callback_query%22%5D
2026-08-30 07:46:59,674 | ERROR | telegram_gateway_application.utilities.utils_telegram.gateway_inbound | Telegram long polling request failed. Retrying...
Traceback (most recent call last):
  File "/telegram_gateway/telegram_gateway_application/utilities/utils_telegram/gateway_inbound.py", line 104, in poll_updates
    response.raise_for_status()
  File "/usr/local/lib/python3.12/site-packages/requests/models.py", line 1024, in raise_for_status
    raise HTTPError(http_error_msg, response=self)
requests.exceptions.HTTPError: 404 Client Error: Not Found for url: https://api.telegram.org/botREPLACE_WITH_BOT_TOKEN/getUpdates?timeout=30&allowed_updates=%5B%22message%22%2C+%22callback_query%22%5D
2026-08-30 07:47:05,397 | ERROR | telegram_gateway_application.utilities.utils_telegram.gateway_inbound | Telegram long polling request failed. Retrying...
Traceback (most recent call last):
  File "/telegram_gateway/telegram_gateway_application/utilities/utils_telegram/gateway_inbound.py", line 104, in poll_updates
    response.raise_for_status()
  File "/usr/local/lib/python3.12/site-packages/requests/models.py", line 1024, in raise_for_status
    raise HTTPError(http_error_msg, response=self)
requests.exceptions.HTTPError: 404 Client Error: Not Found for url: https://api.telegram.org/botREPLACE_WITH_BOT_TOKEN/getUpdates?timeout=30&allowed_updates=%5B%22message%22%2C+%22callback_query%22%5D
2026-08-30 07:47:11,109 | ERROR | telegram_gateway_application.utilities.utils_telegram.gateway_inbound | Telegram long polling request failed. Retrying...
Traceback (most recent call last):
  File "/telegram_gateway/telegram_gateway_application/utilities/utils_telegram/gateway_inbound.py", line 104, in poll_updates
    response.raise_for_status()
  File "/usr/local/lib/python3.12/site-packages/requests/models.py", line 1024, in raise_for_status
    raise HTTPError(http_error_msg, response=self)
requests.exceptions.HTTPError: 404 Client Error: Not Found for url: https://api.telegram.org/botREPLACE_WITH_BOT_TOKEN/getUpdates?timeout=30&allowed_updates=%5B%22message%22%2C+%22callback_query%22%5D
2026-08-30 07:47:16,832 | ERROR | telegram_gateway_application.utilities.utils_telegram.gateway_inbound | Telegram long polling request failed. Retrying...
Traceback (most recent call last):
  File "/telegram_gateway/telegram_gateway_application/utilities/utils_telegram/gateway_inbound.py", line 104, in poll_updates
    response.raise_for_status()
  File "/usr/local/lib/python3.12/site-packages/requests/models.py", line 1024, in raise_for_status
    raise HTTPError(http_error_msg, response=self)
requests.exceptions.HTTPError: 404 Client Error: Not Found for url: https://api.telegram.org/botREPLACE_WITH_BOT_TOKEN/getUpdates?timeout=30&allowed_updates=%5B%22message%22%2C+%22callback_query%22%5D
2026-08-30 07:47:22,564 | ERROR | telegram_gateway_application.utilities.utils_telegram.gateway_inbound | Telegram long polling request failed. Retrying...
Traceback (most recent call last):
  File "/telegram_gateway/telegram_gateway_application/utilities/utils_telegram/gateway_inbound.py", line 104, in poll_updates
    response.raise_for_status()
  File "/usr/local/lib/python3.12/site-packages/requests/models.py", line 1024, in raise_for_status
    raise HTTPError(http_error_msg, response=self)
requests.exceptions.HTTPError: 404 Client Error: Not Found for url: https://api.telegram.org/botREPLACE_WITH_BOT_TOKEN/getUpdates?timeout=30&allowed_updates=%5B%22message%22%2C+%22callback_query%22%5D
2026-08-30 07:47:28,279 | ERROR | telegram_gateway_application.utilities.utils_telegram.gateway_inbound | Telegram long polling request failed. Retrying...
Traceback (most recent call last):
  File "/telegram_gateway/telegram_gateway_application/utilities/utils_telegram/gateway_inbound.py", line 104, in poll_updates
    response.raise_for_status()
  File "/usr/local/lib/python3.12/site-packages/requests/models.py", line 1024, in raise_for_status
    raise HTTPError(http_error_msg, response=self)
requests.exceptions.HTTPError: 404 Client Error: Not Found for url: https://api.telegram.org/botREPLACE_WITH_BOT_TOKEN/getUpdates?timeout=30&allowed_updates=%5B%22message%22%2C+%22callback_query%22%5D
2026-08-30 07:47:34,028 | ERROR | telegram_gateway_application.utilities.utils_telegram.gateway_inbound | Telegram long polling request failed. Retrying...
Traceback (most recent call last):
  File "/telegram_gateway/telegram_gateway_application/utilities/utils_telegram/gateway_inbound.py", line 104, in poll_updates
    response.raise_for_status()
  File "/usr/local/lib/python3.12/site-packages/requests/models.py", line 1024, in raise_for_status
    raise HTTPError(http_error_msg, response=self)
requests.exceptions.HTTPError: 404 Client Error: Not Found for url: https://api.telegram.org/botREPLACE_WITH_BOT_TOKEN/getUpdates?timeout=30&allowed_updates=%5B%22message%22%2C+%22callback_query%22%5D
2026-08-30 07:47:39,740 | ERROR | telegram_gateway_application.utilities.utils_telegram.gateway_inbound | Telegram long polling request failed. Retrying...
Traceback (most recent call last):
  File "/telegram_gateway/telegram_gateway_application/utilities/utils_telegram/gateway_inbound.py", line 104, in poll_updates
    response.raise_for_status()
  File "/usr/local/lib/python3.12/site-packages/requests/models.py", line 1024, in raise_for_status
    raise HTTPError(http_error_msg, response=self)
requests.exceptions.HTTPError: 404 Client Error: Not Found for url: https://api.telegram.org/botREPLACE_WITH_BOT_TOKEN/getUpdates?timeout=30&allowed_updates=%5B%22message%22%2C+%22callback_query%22%5D
2026-08-30 07:47:45,472 | ERROR | telegram_gateway_application.utilities.utils_telegram.gateway_inbound | Telegram long polling request failed. Retrying...
Traceback (most recent call last):
  File "/telegram_gateway/telegram_gateway_application/utilities/utils_telegram/gateway_inbound.py", line 104, in poll_updates
    response.raise_for_status()
  File "/usr/local/lib/python3.12/site-packages/requests/models.py", line 1024, in raise_for_status
    raise HTTPError(http_error_msg, response=self)
requests.exceptions.HTTPError: 404 Client Error: Not Found for url: https://api.telegram.org/botREPLACE_WITH_BOT_TOKEN/getUpdates?timeout=30&allowed_updates=%5B%22message%22%2C+%22callback_query%22%5D
2026-08-30 07:47:51,193 | ERROR | telegram_gateway_application.utilities.utils_telegram.gateway_inbound | Telegram long polling request failed. Retrying...
Traceback (most recent call last):
  File "/telegram_gateway/telegram_gateway_application/utilities/utils_telegram/gateway_inbound.py", line 104, in poll_updates
    response.raise_for_status()
  File "/usr/local/lib/python3.12/site-packages/requests/models.py", line 1024, in raise_for_status
    raise HTTPError(http_error_msg, response=self)
requests.exceptions.HTTPError: 404 Client Error: Not Found for url: https://api.telegram.org/botREPLACE_WITH_BOT_TOKEN/getUpdates?timeout=30&allowed_updates=%5B%22message%22%2C+%22callback_query%22%5D
2026-08-30 07:47:56,916 | ERROR | telegram_gateway_application.utilities.utils_telegram.gateway_inbound | Telegram long polling request failed. Retrying...
Traceback (most recent call last):
  File "/telegram_gateway/telegram_gateway_application/utilities/utils_telegram/gateway_inbound.py", line 104, in poll_updates
    response.raise_for_status()
  File "/usr/local/lib/python3.12/site-packages/requests/models.py", line 1024, in raise_for_status
    raise HTTPError(http_error_msg, response=self)
requests.exceptions.HTTPError: 404 Client Error: Not Found for url: https://api.telegram.org/botREPLACE_WITH_BOT_TOKEN/getUpdates?timeout=30&allowed_updates=%5B%22message%22%2C+%22callback_query%22%5D
2026-08-30 07:48:02,643 | ERROR | telegram_gateway_application.utilities.utils_telegram.gateway_inbound | Telegram long polling request failed. Retrying...
Traceback (most recent call last):
  File "/telegram_gateway/telegram_gateway_application/utilities/utils_telegram/gateway_inbound.py", line 104, in poll_updates
    response.raise_for_status()
  File "/usr/local/lib/python3.12/site-packages/requests/models.py", line 1024, in raise_for_status
    raise HTTPError(http_error_msg, response=self)
requests.exceptions.HTTPError: 404 Client Error: Not Found for url: https://api.telegram.org/botREPLACE_WITH_BOT_TOKEN/getUpdates?timeout=30&allowed_updates=%5B%22message%22%2C+%22callback_query%22%5D
2026-08-30 07:48:08,384 | ERROR | telegram_gateway_application.utilities.utils_telegram.gateway_inbound | Telegram long polling request failed. Retrying...
Traceback (most recent call last):
  File "/telegram_gateway/telegram_gateway_application/utilities/utils_telegram/gateway_inbound.py", line 104, in poll_updates
    response.raise_for_status()
  File "/usr/local/lib/python3.12/site-packages/requests/models.py", line 1024, in raise_for_status
    raise HTTPError(http_error_msg, response=self)
requests.exceptions.HTTPError: 404 Client Error: Not Found for url: https://api.telegram.org/botREPLACE_WITH_BOT_TOKEN/getUpdates?timeout=30&allowed_updates=%5B%22message%22%2C+%22callback_query%22%5D
2026-08-30 07:48:14,106 | ERROR | telegram_gateway_application.utilities.utils_telegram.gateway_inbound | Telegram long polling request failed. Retrying...
Traceback (most recent call last):
  File "/telegram_gateway/telegram_gateway_application/utilities/utils_telegram/gateway_inbound.py", line 104, in poll_updates
    response.raise_for_status()
  File "/usr/local/lib/python3.12/site-packages/requests/models.py", line 1024, in raise_for_status
    raise HTTPError(http_error_msg, response=self)
requests.exceptions.HTTPError: 404 Client Error: Not Found for url: https://api.telegram.org/botREPLACE_WITH_BOT_TOKEN/getUpdates?timeout=30&allowed_updates=%5B%22message%22%2C+%22callback_query%22%5D
2026-08-30 07:48:19,832 | ERROR | telegram_gateway_application.utilities.utils_telegram.gateway_inbound | Telegram long polling request failed. Retrying...
Traceback (most recent call last):
  File "/telegram_gateway/telegram_gateway_application/utilities/utils_telegram/gateway_inbound.py", line 104, in poll_updates
    response.raise_for_status()
  File "/usr/local/lib/python3.12/site-packages/requests/models.py", line 1024, in raise_for_status
    raise HTTPError(http_error_msg, response=self)
requests.exceptions.HTTPError: 404 Client Error: Not Found for url: https://api.telegram.org/botREPLACE_WITH_BOT_TOKEN/getUpdates?timeout=30&allowed_updates=%5B%22message%22%2C+%22callback_query%22%5D
2026-08-30 07:48:25,583 | ERROR | telegram_gateway_application.utilities.utils_telegram.gateway_inbound | Telegram long polling request failed. Retrying...
Traceback (most recent call last):
  File "/telegram_gateway/telegram_gateway_application/utilities/utils_telegram/gateway_inbound.py", line 104, in poll_updates
    response.raise_for_status()
  File "/usr/local/lib/python3.12/site-packages/requests/models.py", line 1024, in raise_for_status
    raise HTTPError(http_error_msg, response=self)
requests.exceptions.HTTPError: 404 Client Error: Not Found for url: https://api.telegram.org/botREPLACE_WITH_BOT_TOKEN/getUpdates?timeout=30&allowed_updates=%5B%22message%22%2C+%22callback_query%22%5D
2026-08-30 07:48:31,309 | ERROR | telegram_gateway_application.utilities.utils_telegram.gateway_inbound | Telegram long polling request failed. Retrying...
Traceback (most recent call last):
  File "/telegram_gateway/telegram_gateway_application/utilities/utils_telegram/gateway_inbound.py", line 104, in poll_updates
    response.raise_for_status()
  File "/usr/local/lib/python3.12/site-packages/requests/models.py", line 1024, in raise_for_status
    raise HTTPError(http_error_msg, response=self)
requests.exceptions.HTTPError: 404 Client Error: Not Found for url: https://api.telegram.org/botREPLACE_WITH_BOT_TOKEN/getUpdates?timeout=30&allowed_updates=%5B%22message%22%2C+%22callback_query%22%5D
2026-08-30 07:48:37,024 | ERROR | telegram_gateway_application.utilities.utils_telegram.gateway_inbound | Telegram long polling request failed. Retrying...
Traceback (most recent call last):
  File "/telegram_gateway/telegram_gateway_application/utilities/utils_telegram/gateway_inbound.py", line 104, in poll_updates
    response.raise_for_status()
  File "/usr/local/lib/python3.12/site-packages/requests/models.py", line 1024, in raise_for_status
    raise HTTPError(http_error_msg, response=self)
requests.exceptions.HTTPError: 404 Client Error: Not Found for url: https://api.telegram.org/botREPLACE_WITH_BOT_TOKEN/getUpdates?timeout=30&allowed_updates=%5B%22message%22%2C+%22callback_query%22%5D
2026-08-30 07:48:42,748 | ERROR | telegram_gateway_application.utilities.utils_telegram.gateway_inbound | Telegram long polling request failed. Retrying...
Traceback (most recent call last):
  File "/telegram_gateway/telegram_gateway_application/utilities/utils_telegram/gateway_inbound.py", line 104, in poll_updates
    response.raise_for_status()
  File "/usr/local/lib/python3.12/site-packages/requests/models.py", line 1024, in raise_for_status
    raise HTTPError(http_error_msg, response=self)
requests.exceptions.HTTPError: 404 Client Error: Not Found for url: https://api.telegram.org/botREPLACE_WITH_BOT_TOKEN/getUpdates?timeout=30&allowed_updates=%5B%22message%22%2C+%22callback_query%22%5D
2026-08-30 07:48:48,486 | ERROR | telegram_gateway_application.utilities.utils_telegram.gateway_inbound | Telegram long polling request failed. Retrying...
Traceback (most recent call last):
  File "/telegram_gateway/telegram_gateway_application/utilities/utils_telegram/gateway_inbound.py", line 104, in poll_updates
    response.raise_for_status()
  File "/usr/local/lib/python3.12/site-packages/requests/models.py", line 1024, in raise_for_status
    raise HTTPError(http_error_msg, response=self)
requests.exceptions.HTTPError: 404 Client Error: Not Found for url: https://api.telegram.org/botREPLACE_WITH_BOT_TOKEN/getUpdates?timeout=30&allowed_updates=%5B%22message%22%2C+%22callback_query%22%5D
2026-08-30 07:48:54,209 | ERROR | telegram_gateway_application.utilities.utils_telegram.gateway_inbound | Telegram long polling request failed. Retrying...
Traceback (most recent call last):
  File "/telegram_gateway/telegram_gateway_application/utilities/utils_telegram/gateway_inbound.py", line 104, in poll_updates
    response.raise_for_status()
  File "/usr/local/lib/python3.12/site-packages/requests/models.py", line 1024, in raise_for_status
    raise HTTPError(http_error_msg, response=self)
requests.exceptions.HTTPError: 404 Client Error: Not Found for url: https://api.telegram.org/botREPLACE_WITH_BOT_TOKEN/getUpdates?timeout=30&allowed_updates=%5B%22message%22%2C+%22callback_query%22%5D
2026-08-30 07:48:59,948 | ERROR | telegram_gateway_application.utilities.utils_telegram.gateway_inbound | Telegram long polling request failed. Retrying...
Traceback (most recent call last):
  File "/telegram_gateway/telegram_gateway_application/utilities/utils_telegram/gateway_inbound.py", line 104, in poll_updates
    response.raise_for_status()
  File "/usr/local/lib/python3.12/site-packages/requests/models.py", line 1024, in raise_for_status
    raise HTTPError(http_error_msg, response=self)
requests.exceptions.HTTPError: 404 Client Error: Not Found for url: https://api.telegram.org/botREPLACE_WITH_BOT_TOKEN/getUpdates?timeout=30&allowed_updates=%5B%22message%22%2C+%22callback_query%22%5D
2026-08-30 07:49:05,661 | ERROR | telegram_gateway_application.utilities.utils_telegram.gateway_inbound | Telegram long polling request failed. Retrying...
Traceback (most recent call last):
  File "/telegram_gateway/telegram_gateway_application/utilities/utils_telegram/gateway_inbound.py", line 104, in poll_updates
    response.raise_for_status()
  File "/usr/local/lib/python3.12/site-packages/requests/models.py", line 1024, in raise_for_status
    raise HTTPError(http_error_msg, response=self)
requests.exceptions.HTTPError: 404 Client Error: Not Found for url: https://api.telegram.org/botREPLACE_WITH_BOT_TOKEN/getUpdates?timeout=30&allowed_updates=%5B%22message%22%2C+%22callback_query%22%5D
2026-08-30 07:49:11,378 | ERROR | telegram_gateway_application.utilities.utils_telegram.gateway_inbound | Telegram long polling request failed. Retrying...
Traceback (most recent call last):
  File "/telegram_gateway/telegram_gateway_application/utilities/utils_telegram/gateway_inbound.py", line 104, in poll_updates
    response.raise_for_status()
  File "/usr/local/lib/python3.12/site-packages/requests/models.py", line 1024, in raise_for_status
    raise HTTPError(http_error_msg, response=self)
requests.exceptions.HTTPError: 404 Client Error: Not Found for url: https://api.telegram.org/botREPLACE_WITH_BOT_TOKEN/getUpdates?timeout=30&allowed_updates=%5B%22message%22%2C+%22callback_query%22%5D
2026-08-30 07:49:17,091 | ERROR | telegram_gateway_application.utilities.utils_telegram.gateway_inbound | Telegram long polling request failed. Retrying...
Traceback (most recent call last):
  File "/telegram_gateway/telegram_gateway_application/utilities/utils_telegram/gateway_inbound.py", line 104, in poll_updates
    response.raise_for_status()
  File "/usr/local/lib/python3.12/site-packages/requests/models.py", line 1024, in raise_for_status
    raise HTTPError(http_error_msg, response=self)
requests.exceptions.HTTPError: 404 Client Error: Not Found for url: https://api.telegram.org/botREPLACE_WITH_BOT_TOKEN/getUpdates?timeout=30&allowed_updates=%5B%22message%22%2C+%22callback_query%22%5D
2026-08-30 07:49:22,836 | ERROR | telegram_gateway_application.utilities.utils_telegram.gateway_inbound | Telegram long polling request failed. Retrying...
Traceback (most recent call last):
  File "/telegram_gateway/telegram_gateway_application/utilities/utils_telegram/gateway_inbound.py", line 104, in poll_updates
    response.raise_for_status()
  File "/usr/local/lib/python3.12/site-packages/requests/models.py", line 1024, in raise_for_status
    raise HTTPError(http_error_msg, response=self)
requests.exceptions.HTTPError: 404 Client Error: Not Found for url: https://api.telegram.org/botREPLACE_WITH_BOT_TOKEN/getUpdates?timeout=30&allowed_updates=%5B%22message%22%2C+%22callback_query%22%5D
2026-08-30 07:49:28,550 | ERROR | telegram_gateway_application.utilities.utils_telegram.gateway_inbound | Telegram long polling request failed. Retrying...
Traceback (most recent call last):
  File "/telegram_gateway/telegram_gateway_application/utilities/utils_telegram/gateway_inbound.py", line 104, in poll_updates
    response.raise_for_status()
  File "/usr/local/lib/python3.12/site-packages/requests/models.py", line 1024, in raise_for_status
    raise HTTPError(http_error_msg, response=self)
requests.exceptions.HTTPError: 404 Client Error: Not Found for url: https://api.telegram.org/botREPLACE_WITH_BOT_TOKEN/getUpdates?timeout=30&allowed_updates=%5B%22message%22%2C+%22callback_query%22%5D
2026-08-30 07:49:34,290 | ERROR | telegram_gateway_application.utilities.utils_telegram.gateway_inbound | Telegram long polling request failed. Retrying...
Traceback (most recent call last):
  File "/telegram_gateway/telegram_gateway_application/utilities/utils_telegram/gateway_inbound.py", line 104, in poll_updates
    response.raise_for_status()
  File "/usr/local/lib/python3.12/site-packages/requests/models.py", line 1024, in raise_for_status
    raise HTTPError(http_error_msg, response=self)
requests.exceptions.HTTPError: 404 Client Error: Not Found for url: https://api.telegram.org/botREPLACE_WITH_BOT_TOKEN/getUpdates?timeout=30&allowed_updates=%5B%22message%22%2C+%22callback_query%22%5D
2026-08-30 07:49:40,035 | ERROR | telegram_gateway_application.utilities.utils_telegram.gateway_inbound | Telegram long polling request failed. Retrying...
Traceback (most recent call last):
  File "/telegram_gateway/telegram_gateway_application/utilities/utils_telegram/gateway_inbound.py", line 104, in poll_updates
    response.raise_for_status()
  File "/usr/local/lib/python3.12/site-packages/requests/models.py", line 1024, in raise_for_status
    raise HTTPError(http_error_msg, response=self)
requests.exceptions.HTTPError: 404 Client Error: Not Found for url: https://api.telegram.org/botREPLACE_WITH_BOT_TOKEN/getUpdates?timeout=30&allowed_updates=%5B%22message%22%2C+%22callback_query%22%5D
2026-08-30 07:49:45,774 | ERROR | telegram_gateway_application.utilities.utils_telegram.gateway_inbound | Telegram long polling request failed. Retrying...
Traceback (most recent call last):
  File "/telegram_gateway/telegram_gateway_application/utilities/utils_telegram/gateway_inbound.py", line 104, in poll_updates
    response.raise_for_status()
  File "/usr/local/lib/python3.12/site-packages/requests/models.py", line 1024, in raise_for_status
    raise HTTPError(http_error_msg, response=self)
requests.exceptions.HTTPError: 404 Client Error: Not Found for url: https://api.telegram.org/botREPLACE_WITH_BOT_TOKEN/getUpdates?timeout=30&allowed_updates=%5B%22message%22%2C+%22callback_query%22%5D
2026-08-30 07:49:51,490 | ERROR | telegram_gateway_application.utilities.utils_telegram.gateway_inbound | Telegram long polling request failed. Retrying...
Traceback (most recent call last):
  File "/telegram_gateway/telegram_gateway_application/utilities/utils_telegram/gateway_inbound.py", line 104, in poll_updates
    response.raise_for_status()
  File "/usr/local/lib/python3.12/site-packages/requests/models.py", line 1024, in raise_for_status
    raise HTTPError(http_error_msg, response=self)
requests.exceptions.HTTPError: 404 Client Error: Not Found for url: https://api.telegram.org/botREPLACE_WITH_BOT_TOKEN/getUpdates?timeout=30&allowed_updates=%5B%22message%22%2C+%22callback_query%22%5D
2026-08-30 07:49:57,205 | ERROR | telegram_gateway_application.utilities.utils_telegram.gateway_inbound | Telegram long polling request failed. Retrying...
Traceback (most recent call last):
  File "/telegram_gateway/telegram_gateway_application/utilities/utils_telegram/gateway_inbound.py", line 104, in poll_updates
    response.raise_for_status()
  File "/usr/local/lib/python3.12/site-packages/requests/models.py", line 1024, in raise_for_status
    raise HTTPError(http_error_msg, response=self)
requests.exceptions.HTTPError: 404 Client Error: Not Found for url: https://api.telegram.org/botREPLACE_WITH_BOT_TOKEN/getUpdates?timeout=30&allowed_updates=%5B%22message%22%2C+%22callback_query%22%5D
2026-08-30 07:50:02,939 | ERROR | telegram_gateway_application.utilities.utils_telegram.gateway_inbound | Telegram long polling request failed. Retrying...
Traceback (most recent call last):
  File "/telegram_gateway/telegram_gateway_application/utilities/utils_telegram/gateway_inbound.py", line 104, in poll_updates
    response.raise_for_status()
  File "/usr/local/lib/python3.12/site-packages/requests/models.py", line 1024, in raise_for_status
    raise HTTPError(http_error_msg, response=self)
requests.exceptions.HTTPError: 404 Client Error: Not Found for url: https://api.telegram.org/botREPLACE_WITH_BOT_TOKEN/getUpdates?timeout=30&allowed_updates=%5B%22message%22%2C+%22callback_query%22%5D
2026-08-30 07:50:08,651 | ERROR | telegram_gateway_application.utilities.utils_telegram.gateway_inbound | Telegram long polling request failed. Retrying...
Traceback (most recent call last):
  File "/telegram_gateway/telegram_gateway_application/utilities/utils_telegram/gateway_inbound.py", line 104, in poll_updates
    response.raise_for_status()
  File "/usr/local/lib/python3.12/site-packages/requests/models.py", line 1024, in raise_for_status
    raise HTTPError(http_error_msg, response=self)
requests.exceptions.HTTPError: 404 Client Error: Not Found for url: https://api.telegram.org/botREPLACE_WITH_BOT_TOKEN/getUpdates?timeout=30&allowed_updates=%5B%22message%22%2C+%22callback_query%22%5D
2026-08-30 07:50:14,377 | ERROR | telegram_gateway_application.utilities.utils_telegram.gateway_inbound | Telegram long polling request failed. Retrying...
Traceback (most recent call last):
  File "/telegram_gateway/telegram_gateway_application/utilities/utils_telegram/gateway_inbound.py", line 104, in poll_updates
    response.raise_for_status()
  File "/usr/local/lib/python3.12/site-packages/requests/models.py", line 1024, in raise_for_status
    raise HTTPError(http_error_msg, response=self)
requests.exceptions.HTTPError: 404 Client Error: Not Found for url: https://api.telegram.org/botREPLACE_WITH_BOT_TOKEN/getUpdates?timeout=30&allowed_updates=%5B%22message%22%2C+%22callback_query%22%5D
2026-08-30 07:50:20,104 | ERROR | telegram_gateway_application.utilities.utils_telegram.gateway_inbound | Telegram long polling request failed. Retrying...
Traceback (most recent call last):
  File "/telegram_gateway/telegram_gateway_application/utilities/utils_telegram/gateway_inbound.py", line 104, in poll_updates
    response.raise_for_status()
  File "/usr/local/lib/python3.12/site-packages/requests/models.py", line 1024, in raise_for_status
    raise HTTPError(http_error_msg, response=self)
requests.exceptions.HTTPError: 404 Client Error: Not Found for url: https://api.telegram.org/botREPLACE_WITH_BOT_TOKEN/getUpdates?timeout=30&allowed_updates=%5B%22message%22%2C+%22callback_query%22%5D
2026-08-30 07:50:25,821 | ERROR | telegram_gateway_application.utilities.utils_telegram.gateway_inbound | Telegram long polling request failed. Retrying...
Traceback (most recent call last):
  File "/telegram_gateway/telegram_gateway_application/utilities/utils_telegram/gateway_inbound.py", line 104, in poll_updates
    response.raise_for_status()
  File "/usr/local/lib/python3.12/site-packages/requests/models.py", line 1024, in raise_for_status
    raise HTTPError(http_error_msg, response=self)
requests.exceptions.HTTPError: 404 Client Error: Not Found for url: https://api.telegram.org/botREPLACE_WITH_BOT_TOKEN/getUpdates?timeout=30&allowed_updates=%5B%22message%22%2C+%22callback_query%22%5D
2026-08-30 07:50:31,525 | ERROR | telegram_gateway_application.utilities.utils_telegram.gateway_inbound | Telegram long polling request failed. Retrying...
Traceback (most recent call last):
  File "/telegram_gateway/telegram_gateway_application/utilities/utils_telegram/gateway_inbound.py", line 104, in poll_updates
    response.raise_for_status()
  File "/usr/local/lib/python3.12/site-packages/requests/models.py", line 1024, in raise_for_status
    raise HTTPError(http_error_msg, response=self)
requests.exceptions.HTTPError: 404 Client Error: Not Found for url: https://api.telegram.org/botREPLACE_WITH_BOT_TOKEN/getUpdates?timeout=30&allowed_updates=%5B%22message%22%2C+%22callback_query%22%5D
2026-08-30 07:50:37,259 | ERROR | telegram_gateway_application.utilities.utils_telegram.gateway_inbound | Telegram long polling request failed. Retrying...
Traceback (most recent call last):
  File "/telegram_gateway/telegram_gateway_application/utilities/utils_telegram/gateway_inbound.py", line 104, in poll_updates
    response.raise_for_status()
  File "/usr/local/lib/python3.12/site-packages/requests/models.py", line 1024, in raise_for_status
    raise HTTPError(http_error_msg, response=self)
requests.exceptions.HTTPError: 404 Client Error: Not Found for url: https://api.telegram.org/botREPLACE_WITH_BOT_TOKEN/getUpdates?timeout=30&allowed_updates=%5B%22message%22%2C+%22callback_query%22%5D
2026-08-30 07:50:42,989 | ERROR | telegram_gateway_application.utilities.utils_telegram.gateway_inbound | Telegram long polling request failed. Retrying...
Traceback (most recent call last):
  File "/telegram_gateway/telegram_gateway_application/utilities/utils_telegram/gateway_inbound.py", line 104, in poll_updates
    response.raise_for_status()
  File "/usr/local/lib/python3.12/site-packages/requests/models.py", line 1024, in raise_for_status
    raise HTTPError(http_error_msg, response=self)
requests.exceptions.HTTPError: 404 Client Error: Not Found for url: https://api.telegram.org/botREPLACE_WITH_BOT_TOKEN/getUpdates?timeout=30&allowed_updates=%5B%22message%22%2C+%22callback_query%22%5D
2026-08-30 07:50:48,701 | ERROR | telegram_gateway_application.utilities.utils_telegram.gateway_inbound | Telegram long polling request failed. Retrying...
Traceback (most recent call last):
  File "/telegram_gateway/telegram_gateway_application/utilities/utils_telegram/gateway_inbound.py", line 104, in poll_updates
    response.raise_for_status()
  File "/usr/local/lib/python3.12/site-packages/requests/models.py", line 1024, in raise_for_status
    raise HTTPError(http_error_msg, response=self)
requests.exceptions.HTTPError: 404 Client Error: Not Found for url: https://api.telegram.org/botREPLACE_WITH_BOT_TOKEN/getUpdates?timeout=30&allowed_updates=%5B%22message%22%2C+%22callback_query%22%5D
2026-08-30 07:50:54,406 | ERROR | telegram_gateway_application.utilities.utils_telegram.gateway_inbound | Telegram long polling request failed. Retrying...
Traceback (most recent call last):
  File "/telegram_gateway/telegram_gateway_application/utilities/utils_telegram/gateway_inbound.py", line 104, in poll_updates
    response.raise_for_status()
  File "/usr/local/lib/python3.12/site-packages/requests/models.py", line 1024, in raise_for_status
    raise HTTPError(http_error_msg, response=self)
requests.exceptions.HTTPError: 404 Client Error: Not Found for url: https://api.telegram.org/botREPLACE_WITH_BOT_TOKEN/getUpdates?timeout=30&allowed_updates=%5B%22message%22%2C+%22callback_query%22%5D
2026-08-30 07:51:00,129 | ERROR | telegram_gateway_application.utilities.utils_telegram.gateway_inbound | Telegram long polling request failed. Retrying...
Traceback (most recent call last):
  File "/telegram_gateway/telegram_gateway_application/utilities/utils_telegram/gateway_inbound.py", line 104, in poll_updates
    response.raise_for_status()
  File "/usr/local/lib/python3.12/site-packages/requests/models.py", line 1024, in raise_for_status
    raise HTTPError(http_error_msg, response=self)
requests.exceptions.HTTPError: 404 Client Error: Not Found for url: https://api.telegram.org/botREPLACE_WITH_BOT_TOKEN/getUpdates?timeout=30&allowed_updates=%5B%22message%22%2C+%22callback_query%22%5D
2026-08-30 07:51:05,843 | ERROR | telegram_gateway_application.utilities.utils_telegram.gateway_inbound | Telegram long polling request failed. Retrying...
Traceback (most recent call last):
  File "/telegram_gateway/telegram_gateway_application/utilities/utils_telegram/gateway_inbound.py", line 104, in poll_updates
    response.raise_for_status()
  File "/usr/local/lib/python3.12/site-packages/requests/models.py", line 1024, in raise_for_status
    raise HTTPError(http_error_msg, response=self)
requests.exceptions.HTTPError: 404 Client Error: Not Found for url: https://api.telegram.org/botREPLACE_WITH_BOT_TOKEN/getUpdates?timeout=30&allowed_updates=%5B%22message%22%2C+%22callback_query%22%5D
2026-08-30 07:51:11,560 | ERROR | telegram_gateway_application.utilities.utils_telegram.gateway_inbound | Telegram long polling request failed. Retrying...
Traceback (most recent call last):
  File "/telegram_gateway/telegram_gateway_application/utilities/utils_telegram/gateway_inbound.py", line 104, in poll_updates
    response.raise_for_status()
  File "/usr/local/lib/python3.12/site-packages/requests/models.py", line 1024, in raise_for_status
    raise HTTPError(http_error_msg, response=self)
requests.exceptions.HTTPError: 404 Client Error: Not Found for url: https://api.telegram.org/botREPLACE_WITH_BOT_TOKEN/getUpdates?timeout=30&allowed_updates=%5B%22message%22%2C+%22callback_query%22%5D
2026-08-30 07:51:17,275 | ERROR | telegram_gateway_application.utilities.utils_telegram.gateway_inbound | Telegram long polling request failed. Retrying...
Traceback (most recent call last):
  File "/telegram_gateway/telegram_gateway_application/utilities/utils_telegram/gateway_inbound.py", line 104, in poll_updates
    response.raise_for_status()
  File "/usr/local/lib/python3.12/site-packages/requests/models.py", line 1024, in raise_for_status
    raise HTTPError(http_error_msg, response=self)
requests.exceptions.HTTPError: 404 Client Error: Not Found for url: https://api.telegram.org/botREPLACE_WITH_BOT_TOKEN/getUpdates?timeout=30&allowed_updates=%5B%22message%22%2C+%22callback_query%22%5D
2026-08-30 07:51:23,000 | ERROR | telegram_gateway_application.utilities.utils_telegram.gateway_inbound | Telegram long polling request failed. Retrying...
Traceback (most recent call last):
  File "/telegram_gateway/telegram_gateway_application/utilities/utils_telegram/gateway_inbound.py", line 104, in poll_updates
    response.raise_for_status()
  File "/usr/local/lib/python3.12/site-packages/requests/models.py", line 1024, in raise_for_status
    raise HTTPError(http_error_msg, response=self)
requests.exceptions.HTTPError: 404 Client Error: Not Found for url: https://api.telegram.org/botREPLACE_WITH_BOT_TOKEN/getUpdates?timeout=30&allowed_updates=%5B%22message%22%2C+%22callback_query%22%5D
2026-08-30 07:51:28,720 | ERROR | telegram_gateway_application.utilities.utils_telegram.gateway_inbound | Telegram long polling request failed. Retrying...
Traceback (most recent call last):
  File "/telegram_gateway/telegram_gateway_application/utilities/utils_telegram/gateway_inbound.py", line 104, in poll_updates
    response.raise_for_status()
  File "/usr/local/lib/python3.12/site-packages/requests/models.py", line 1024, in raise_for_status
    raise HTTPError(http_error_msg, response=self)
requests.exceptions.HTTPError: 404 Client Error: Not Found for url: https://api.telegram.org/botREPLACE_WITH_BOT_TOKEN/getUpdates?timeout=30&allowed_updates=%5B%22message%22%2C+%22callback_query%22%5D
2026-08-30 07:51:34,433 | ERROR | telegram_gateway_application.utilities.utils_telegram.gateway_inbound | Telegram long polling request failed. Retrying...
Traceback (most recent call last):
  File "/telegram_gateway/telegram_gateway_application/utilities/utils_telegram/gateway_inbound.py", line 104, in poll_updates
    response.raise_for_status()
  File "/usr/local/lib/python3.12/site-packages/requests/models.py", line 1024, in raise_for_status
    raise HTTPError(http_error_msg, response=self)
requests.exceptions.HTTPError: 404 Client Error: Not Found for url: https://api.telegram.org/botREPLACE_WITH_BOT_TOKEN/getUpdates?timeout=30&allowed_updates=%5B%22message%22%2C+%22callback_query%22%5D
2026-08-30 07:51:40,150 | ERROR | telegram_gateway_application.utilities.utils_telegram.gateway_inbound | Telegram long polling request failed. Retrying...
Traceback (most recent call last):
  File "/telegram_gateway/telegram_gateway_application/utilities/utils_telegram/gateway_inbound.py", line 104, in poll_updates
    response.raise_for_status()
  File "/usr/local/lib/python3.12/site-packages/requests/models.py", line 1024, in raise_for_status
    raise HTTPError(http_error_msg, response=self)
requests.exceptions.HTTPError: 404 Client Error: Not Found for url: https://api.telegram.org/botREPLACE_WITH_BOT_TOKEN/getUpdates?timeout=30&allowed_updates=%5B%22message%22%2C+%22callback_query%22%5D
2026-08-30 07:51:45,878 | ERROR | telegram_gateway_application.utilities.utils_telegram.gateway_inbound | Telegram long polling request failed. Retrying...
Traceback (most recent call last):
  File "/telegram_gateway/telegram_gateway_application/utilities/utils_telegram/gateway_inbound.py", line 104, in poll_updates
    response.raise_for_status()
  File "/usr/local/lib/python3.12/site-packages/requests/models.py", line 1024, in raise_for_status
    raise HTTPError(http_error_msg, response=self)
requests.exceptions.HTTPError: 404 Client Error: Not Found for url: https://api.telegram.org/botREPLACE_WITH_BOT_TOKEN/getUpdates?timeout=30&allowed_updates=%5B%22message%22%2C+%22callback_query%22%5D
2026-08-30 07:51:51,598 | ERROR | telegram_gateway_application.utilities.utils_telegram.gateway_inbound | Telegram long polling request failed. Retrying...
Traceback (most recent call last):
  File "/telegram_gateway/telegram_gateway_application/utilities/utils_telegram/gateway_inbound.py", line 104, in poll_updates
    response.raise_for_status()
  File "/usr/local/lib/python3.12/site-packages/requests/models.py", line 1024, in raise_for_status
    raise HTTPError(http_error_msg, response=self)
requests.exceptions.HTTPError: 404 Client Error: Not Found for url: https://api.telegram.org/botREPLACE_WITH_BOT_TOKEN/getUpdates?timeout=30&allowed_updates=%5B%22message%22%2C+%22callback_query%22%5D
2026-08-30 07:51:57,325 | ERROR | telegram_gateway_application.utilities.utils_telegram.gateway_inbound | Telegram long polling request failed. Retrying...
Traceback (most recent call last):
  File "/telegram_gateway/telegram_gateway_application/utilities/utils_telegram/gateway_inbound.py", line 104, in poll_updates
    response.raise_for_status()
  File "/usr/local/lib/python3.12/site-packages/requests/models.py", line 1024, in raise_for_status
    raise HTTPError(http_error_msg, response=self)
requests.exceptions.HTTPError: 404 Client Error: Not Found for url: https://api.telegram.org/botREPLACE_WITH_BOT_TOKEN/getUpdates?timeout=30&allowed_updates=%5B%22message%22%2C+%22callback_query%22%5D
2026-08-30 07:52:03,047 | ERROR | telegram_gateway_application.utilities.utils_telegram.gateway_inbound | Telegram long polling request failed. Retrying...
Traceback (most recent call last):
  File "/telegram_gateway/telegram_gateway_application/utilities/utils_telegram/gateway_inbound.py", line 104, in poll_updates
    response.raise_for_status()
  File "/usr/local/lib/python3.12/site-packages/requests/models.py", line 1024, in raise_for_status
    raise HTTPError(http_error_msg, response=self)
requests.exceptions.HTTPError: 404 Client Error: Not Found for url: https://api.telegram.org/botREPLACE_WITH_BOT_TOKEN/getUpdates?timeout=30&allowed_updates=%5B%22message%22%2C+%22callback_query%22%5D
2026-08-30 07:52:08,777 | ERROR | telegram_gateway_application.utilities.utils_telegram.gateway_inbound | Telegram long polling request failed. Retrying...
Traceback (most recent call last):
  File "/telegram_gateway/telegram_gateway_application/utilities/utils_telegram/gateway_inbound.py", line 104, in poll_updates
    response.raise_for_status()
  File "/usr/local/lib/python3.12/site-packages/requests/models.py", line 1024, in raise_for_status
    raise HTTPError(http_error_msg, response=self)
requests.exceptions.HTTPError: 404 Client Error: Not Found for url: https://api.telegram.org/botREPLACE_WITH_BOT_TOKEN/getUpdates?timeout=30&allowed_updates=%5B%22message%22%2C+%22callback_query%22%5D
2026-08-30 07:52:14,505 | ERROR | telegram_gateway_application.utilities.utils_telegram.gateway_inbound | Telegram long polling request failed. Retrying...
Traceback (most recent call last):
  File "/telegram_gateway/telegram_gateway_application/utilities/utils_telegram/gateway_inbound.py", line 104, in poll_updates
    response.raise_for_status()
  File "/usr/local/lib/python3.12/site-packages/requests/models.py", line 1024, in raise_for_status
    raise HTTPError(http_error_msg, response=self)
requests.exceptions.HTTPError: 404 Client Error: Not Found for url: https://api.telegram.org/botREPLACE_WITH_BOT_TOKEN/getUpdates?timeout=30&allowed_updates=%5B%22message%22%2C+%22callback_query%22%5D
2026-08-30 07:52:20,244 | ERROR | telegram_gateway_application.utilities.utils_telegram.gateway_inbound | Telegram long polling request failed. Retrying...
Traceback (most recent call last):
  File "/telegram_gateway/telegram_gateway_application/utilities/utils_telegram/gateway_inbound.py", line 104, in poll_updates
    response.raise_for_status()
  File "/usr/local/lib/python3.12/site-packages/requests/models.py", line 1024, in raise_for_status
    raise HTTPError(http_error_msg, response=self)
requests.exceptions.HTTPError: 404 Client Error: Not Found for url: https://api.telegram.org/botREPLACE_WITH_BOT_TOKEN/getUpdates?timeout=30&allowed_updates=%5B%22message%22%2C+%22callback_query%22%5D
2026-08-30 07:52:25,963 | ERROR | telegram_gateway_application.utilities.utils_telegram.gateway_inbound | Telegram long polling request failed. Retrying...
Traceback (most recent call last):
  File "/telegram_gateway/telegram_gateway_application/utilities/utils_telegram/gateway_inbound.py", line 104, in poll_updates
    response.raise_for_status()
  File "/usr/local/lib/python3.12/site-packages/requests/models.py", line 1024, in raise_for_status
    raise HTTPError(http_error_msg, response=self)
requests.exceptions.HTTPError: 404 Client Error: Not Found for url: https://api.telegram.org/botREPLACE_WITH_BOT_TOKEN/getUpdates?timeout=30&allowed_updates=%5B%22message%22%2C+%22callback_query%22%5D
2026-08-30 07:52:31,683 | ERROR | telegram_gateway_application.utilities.utils_telegram.gateway_inbound | Telegram long polling request failed. Retrying...
Traceback (most recent call last):
  File "/telegram_gateway/telegram_gateway_application/utilities/utils_telegram/gateway_inbound.py", line 104, in poll_updates
    response.raise_for_status()
  File "/usr/local/lib/python3.12/site-packages/requests/models.py", line 1024, in raise_for_status
    raise HTTPError(http_error_msg, response=self)
requests.exceptions.HTTPError: 404 Client Error: Not Found for url: https://api.telegram.org/botREPLACE_WITH_BOT_TOKEN/getUpdates?timeout=30&allowed_updates=%5B%22message%22%2C+%22callback_query%22%5D
2026-08-30 07:52:37,417 | ERROR | telegram_gateway_application.utilities.utils_telegram.gateway_inbound | Telegram long polling request failed. Retrying...
Traceback (most recent call last):
  File "/telegram_gateway/telegram_gateway_application/utilities/utils_telegram/gateway_inbound.py", line 104, in poll_updates
    response.raise_for_status()
  File "/usr/local/lib/python3.12/site-packages/requests/models.py", line 1024, in raise_for_status
    raise HTTPError(http_error_msg, response=self)
requests.exceptions.HTTPError: 404 Client Error: Not Found for url: https://api.telegram.org/botREPLACE_WITH_BOT_TOKEN/getUpdates?timeout=30&allowed_updates=%5B%22message%22%2C+%22callback_query%22%5D
2026-08-30 07:52:43,121 | ERROR | telegram_gateway_application.utilities.utils_telegram.gateway_inbound | Telegram long polling request failed. Retrying...
Traceback (most recent call last):
  File "/telegram_gateway/telegram_gateway_application/utilities/utils_telegram/gateway_inbound.py", line 104, in poll_updates
    response.raise_for_status()
  File "/usr/local/lib/python3.12/site-packages/requests/models.py", line 1024, in raise_for_status
    raise HTTPError(http_error_msg, response=self)
requests.exceptions.HTTPError: 404 Client Error: Not Found for url: https://api.telegram.org/botREPLACE_WITH_BOT_TOKEN/getUpdates?timeout=30&allowed_updates=%5B%22message%22%2C+%22callback_query%22%5D
2026-08-30 07:52:48,824 | ERROR | telegram_gateway_application.utilities.utils_telegram.gateway_inbound | Telegram long polling request failed. Retrying...
Traceback (most recent call last):
  File "/telegram_gateway/telegram_gateway_application/utilities/utils_telegram/gateway_inbound.py", line 104, in poll_updates
    response.raise_for_status()
  File "/usr/local/lib/python3.12/site-packages/requests/models.py", line 1024, in raise_for_status
    raise HTTPError(http_error_msg, response=self)
requests.exceptions.HTTPError: 404 Client Error: Not Found for url: https://api.telegram.org/botREPLACE_WITH_BOT_TOKEN/getUpdates?timeout=30&allowed_updates=%5B%22message%22%2C+%22callback_query%22%5D
2026-08-30 07:52:54,541 | ERROR | telegram_gateway_application.utilities.utils_telegram.gateway_inbound | Telegram long polling request failed. Retrying...
Traceback (most recent call last):
  File "/telegram_gateway/telegram_gateway_application/utilities/utils_telegram/gateway_inbound.py", line 104, in poll_updates
    response.raise_for_status()
  File "/usr/local/lib/python3.12/site-packages/requests/models.py", line 1024, in raise_for_status
    raise HTTPError(http_error_msg, response=self)
requests.exceptions.HTTPError: 404 Client Error: Not Found for url: https://api.telegram.org/botREPLACE_WITH_BOT_TOKEN/getUpdates?timeout=30&allowed_updates=%5B%22message%22%2C+%22callback_query%22%5D
2026-08-30 07:53:00,298 | ERROR | telegram_gateway_application.utilities.utils_telegram.gateway_inbound | Telegram long polling request failed. Retrying...
Traceback (most recent call last):
  File "/telegram_gateway/telegram_gateway_application/utilities/utils_telegram/gateway_inbound.py", line 104, in poll_updates
    response.raise_for_status()
  File "/usr/local/lib/python3.12/site-packages/requests/models.py", line 1024, in raise_for_status
    raise HTTPError(http_error_msg, response=self)
requests.exceptions.HTTPError: 404 Client Error: Not Found for url: https://api.telegram.org/botREPLACE_WITH_BOT_TOKEN/getUpdates?timeout=30&allowed_updates=%5B%22message%22%2C+%22callback_query%22%5D
2026-08-30 07:53:06,018 | ERROR | telegram_gateway_application.utilities.utils_telegram.gateway_inbound | Telegram long polling request failed. Retrying...
Traceback (most recent call last):
  File "/telegram_gateway/telegram_gateway_application/utilities/utils_telegram/gateway_inbound.py", line 104, in poll_updates
    response.raise_for_status()
  File "/usr/local/lib/python3.12/site-packages/requests/models.py", line 1024, in raise_for_status
    raise HTTPError(http_error_msg, response=self)
requests.exceptions.HTTPError: 404 Client Error: Not Found for url: https://api.telegram.org/botREPLACE_WITH_BOT_TOKEN/getUpdates?timeout=30&allowed_updates=%5B%22message%22%2C+%22callback_query%22%5D
2026-08-30 07:53:11,735 | ERROR | telegram_gateway_application.utilities.utils_telegram.gateway_inbound | Telegram long polling request failed. Retrying...
Traceback (most recent call last):
  File "/telegram_gateway/telegram_gateway_application/utilities/utils_telegram/gateway_inbound.py", line 104, in poll_updates
    response.raise_for_status()
  File "/usr/local/lib/python3.12/site-packages/requests/models.py", line 1024, in raise_for_status
    raise HTTPError(http_error_msg, response=self)
requests.exceptions.HTTPError: 404 Client Error: Not Found for url: https://api.telegram.org/botREPLACE_WITH_BOT_TOKEN/getUpdates?timeout=30&allowed_updates=%5B%22message%22%2C+%22callback_query%22%5D
2026-08-30 07:53:17,473 | ERROR | telegram_gateway_application.utilities.utils_telegram.gateway_inbound | Telegram long polling request failed. Retrying...
Traceback (most recent call last):
  File "/telegram_gateway/telegram_gateway_application/utilities/utils_telegram/gateway_inbound.py", line 104, in poll_updates
    response.raise_for_status()
  File "/usr/local/lib/python3.12/site-packages/requests/models.py", line 1024, in raise_for_status
    raise HTTPError(http_error_msg, response=self)
requests.exceptions.HTTPError: 404 Client Error: Not Found for url: https://api.telegram.org/botREPLACE_WITH_BOT_TOKEN/getUpdates?timeout=30&allowed_updates=%5B%22message%22%2C+%22callback_query%22%5D
2026-08-30 07:53:23,193 | ERROR | telegram_gateway_application.utilities.utils_telegram.gateway_inbound | Telegram long polling request failed. Retrying...
Traceback (most recent call last):
  File "/telegram_gateway/telegram_gateway_application/utilities/utils_telegram/gateway_inbound.py", line 104, in poll_updates
    response.raise_for_status()
  File "/usr/local/lib/python3.12/site-packages/requests/models.py", line 1024, in raise_for_status
    raise HTTPError(http_error_msg, response=self)
requests.exceptions.HTTPError: 404 Client Error: Not Found for url: https://api.telegram.org/botREPLACE_WITH_BOT_TOKEN/getUpdates?timeout=30&allowed_updates=%5B%22message%22%2C+%22callback_query%22%5D
2026-08-30 07:53:28,920 | ERROR | telegram_gateway_application.utilities.utils_telegram.gateway_inbound | Telegram long polling request failed. Retrying...
Traceback (most recent call last):
  File "/telegram_gateway/telegram_gateway_application/utilities/utils_telegram/gateway_inbound.py", line 104, in poll_updates
    response.raise_for_status()
  File "/usr/local/lib/python3.12/site-packages/requests/models.py", line 1024, in raise_for_status
    raise HTTPError(http_error_msg, response=self)
requests.exceptions.HTTPError: 404 Client Error: Not Found for url: https://api.telegram.org/botREPLACE_WITH_BOT_TOKEN/getUpdates?timeout=30&allowed_updates=%5B%22message%22%2C+%22callback_query%22%5D
2026-08-30 07:53:34,633 | ERROR | telegram_gateway_application.utilities.utils_telegram.gateway_inbound | Telegram long polling request failed. Retrying...
Traceback (most recent call last):
  File "/telegram_gateway/telegram_gateway_application/utilities/utils_telegram/gateway_inbound.py", line 104, in poll_updates
    )
  File "/usr/local/lib/python3.12/site-packages/requests/models.py", line 1024, in raise_for_status
    raise HTTPError(http_error_msg, response=self)
requests.exceptions.HTTPError: 404 Client Error: Not Found for url: https://api.telegram.org/botREPLACE_WITH_BOT_TOKEN/getUpdates?timeout=30&allowed_updates=%5B%22message%22%2C+%22callback_query%22%5D
2026-08-30 07:53:40,383 | ERROR | telegram_gateway_application.utilities.utils_telegram.gateway_inbound | Telegram long polling request failed. Retrying...
Traceback (most recent call last):
  File "/telegram_gateway/telegram_gateway_application/utilities/utils_telegram/gateway_inbound.py", line 104, in poll_updates
    Notes:
           
  File "/usr/local/lib/python3.12/site-packages/requests/models.py", line 1024, in raise_for_status
    raise HTTPError(http_error_msg, response=self)
requests.exceptions.HTTPError: 404 Client Error: Not Found for url: https://api.telegram.org/botREPLACE_WITH_BOT_TOKEN/getUpdates?timeout=30&allowed_updates=%5B%22message%22%2C+%22callback_query%22%5D
2026-08-30 07:53:46,105 | ERROR | telegram_gateway_application.utilities.utils_telegram.gateway_inbound | Telegram long polling request failed. Retrying...
Traceback (most recent call last):
  File "/telegram_gateway/telegram_gateway_application/utilities/utils_telegram/gateway_inbound.py", line 104, in poll_updates
  File "/usr/local/lib/python3.12/site-packages/requests/models.py", line 1024, in raise_for_status
    raise HTTPError(http_error_msg, response=self)
requests.exceptions.HTTPError: 404 Client Error: Not Found for url: https://api.telegram.org/botREPLACE_WITH_BOT_TOKEN/getUpdates?timeout=30&allowed_updates=%5B%22message%22%2C+%22callback_query%22%5D
2026-08-30 07:53:51,830 | ERROR | telegram_gateway_application.utilities.utils_telegram.gateway_inbound | Telegram long polling request failed. Retrying...
Traceback (most recent call last):
  File "/telegram_gateway/telegram_gateway_application/utilities/utils_telegram/gateway_inbound.py", line 104, in poll_updates
  File "/usr/local/lib/python3.12/site-packages/requests/models.py", line 1024, in raise_for_status
    raise HTTPError(http_error_msg, response=self)
requests.exceptions.HTTPError: 404 Client Error: Not Found for url: https://api.telegram.org/botREPLACE_WITH_BOT_TOKEN/getUpdates?timeout=30&allowed_updates=%5B%22message%22%2C+%22callback_query%22%5D
2026-08-30 07:53:57,560 | ERROR | telegram_gateway_application.utilities.utils_telegram.gateway_inbound | Telegram long polling request failed. Retrying...
Traceback (most recent call last):
  File "/telegram_gateway/telegram_gateway_application/utilities/utils_telegram/gateway_inbound.py", line 104, in poll_updates
  File "/usr/local/lib/python3.12/site-packages/requests/models.py", line 1024, in raise_for_status
    raise HTTPError(http_error_msg, response=self)
requests.exceptions.HTTPError: 404 Client Error: Not Found for url: https://api.telegram.org/botREPLACE_WITH_BOT_TOKEN/getUpdates?timeout=30&allowed_updates=%5B%22message%22%2C+%22callback_query%22%5D
2026-08-30 07:54:03,302 | ERROR | telegram_gateway_application.utilities.utils_telegram.gateway_inbound | Telegram long polling request failed. Retrying...
Traceback (most recent call last):
  File "/telegram_gateway/telegram_gateway_application/utilities/utils_telegram/gateway_inbound.py", line 104, in poll_updates
  File "/usr/local/lib/python3.12/site-packages/requests/models.py", line 1024, in raise_for_status
    raise HTTPError(http_error_msg, response=self)
requests.exceptions.HTTPError: 404 Client Error: Not Found for url: https://api.telegram.org/botREPLACE_WITH_BOT_TOKEN/getUpdates?timeout=30&allowed_updates=%5B%22message%22%2C+%22callback_query%22%5D
2026-08-30 07:54:09,015 | ERROR | telegram_gateway_application.utilities.utils_telegram.gateway_inbound | Telegram long polling request failed. Retrying...
Traceback (most recent call last):
  File "/telegram_gateway/telegram_gateway_application/utilities/utils_telegram/gateway_inbound.py", line 104, in poll_updates
  File "/usr/local/lib/python3.12/site-packages/requests/models.py", line 1024, in raise_for_status
    raise HTTPError(http_error_msg, response=self)
requests.exceptions.HTTPError: 404 Client Error: Not Found for url: https://api.telegram.org/botREPLACE_WITH_BOT_TOKEN/getUpdates?timeout=30&allowed_updates=%5B%22message%22%2C+%22callback_query%22%5D
2026-08-30 07:54:14,769 | ERROR | telegram_gateway_application.utilities.utils_telegram.gateway_inbound | Telegram long polling request failed. Retrying...
Traceback (most recent call last):
  File "/telegram_gateway/telegram_gateway_application/utilities/utils_telegram/gateway_inbound.py", line 104, in poll_updates
  File "/usr/local/lib/python3.12/site-packages/requests/models.py", line 1024, in raise_for_status
    raise HTTPError(http_error_msg, response=self)
requests.exceptions.HTTPError: 404 Client Error: Not Found for url: https://api.telegram.org/botREPLACE_WITH_BOT_TOKEN/getUpdates?timeout=30&allowed_updates=%5B%22message%22%2C+%22callback_query%22%5D
2026-08-30 07:54:20,484 | ERROR | telegram_gateway_application.utilities.utils_telegram.gateway_inbound | Telegram long polling request failed. Retrying...
Traceback (most recent call last):
  File "/telegram_gateway/telegram_gateway_application/utilities/utils_telegram/gateway_inbound.py", line 104, in poll_updates
  File "/usr/local/lib/python3.12/site-packages/requests/models.py", line 1024, in raise_for_status
    raise HTTPError(http_error_msg, response=self)
requests.exceptions.HTTPError: 404 Client Error: Not Found for url: https://api.telegram.org/botREPLACE_WITH_BOT_TOKEN/getUpdates?timeout=30&allowed_updates=%5B%22message%22%2C+%22callback_query%22%5D
2026-08-30 07:54:26,198 | ERROR | telegram_gateway_application.utilities.utils_telegram.gateway_inbound | Telegram long polling request failed. Retrying...
Traceback (most recent call last):
  File "/telegram_gateway/telegram_gateway_application/utilities/utils_telegram/gateway_inbound.py", line 104, in poll_updates
  File "/usr/local/lib/python3.12/site-packages/requests/models.py", line 1024, in raise_for_status
    raise HTTPError(http_error_msg, response=self)
requests.exceptions.HTTPError: 404 Client Error: Not Found for url: https://api.telegram.org/botREPLACE_WITH_BOT_TOKEN/getUpdates?timeout=30&allowed_updates=%5B%22message%22%2C+%22callback_query%22%5D
2026-08-30 07:54:31,928 | ERROR | telegram_gateway_application.utilities.utils_telegram.gateway_inbound | Telegram long polling request failed. Retrying...
Traceback (most recent call last):
  File "/telegram_gateway/telegram_gateway_application/utilities/utils_telegram/gateway_inbound.py", line 104, in poll_updates
  File "/usr/local/lib/python3.12/site-packages/requests/models.py", line 1024, in raise_for_status
    raise HTTPError(http_error_msg, response=self)
requests.exceptions.HTTPError: 404 Client Error: Not Found for url: https://api.telegram.org/botREPLACE_WITH_BOT_TOKEN/getUpdates?timeout=30&allowed_updates=%5B%22message%22%2C+%22callback_query%22%5D
2026-08-30 07:54:37,646 | ERROR | telegram_gateway_application.utilities.utils_telegram.gateway_inbound | Telegram long polling request failed. Retrying...
Traceback (most recent call last):
  File "/telegram_gateway/telegram_gateway_application/utilities/utils_telegram/gateway_inbound.py", line 104, in poll_updates
  File "/usr/local/lib/python3.12/site-packages/requests/models.py", line 1024, in raise_for_status
    raise HTTPError(http_error_msg, response=self)
requests.exceptions.HTTPError: 404 Client Error: Not Found for url: https://api.telegram.org/botREPLACE_WITH_BOT_TOKEN/getUpdates?timeout=30&allowed_updates=%5B%22message%22%2C+%22callback_query%22%5D
2026-08-30 07:54:43,394 | ERROR | telegram_gateway_application.utilities.utils_telegram.gateway_inbound | Telegram long polling request failed. Retrying...
Traceback (most recent call last):
  File "/telegram_gateway/telegram_gateway_application/utilities/utils_telegram/gateway_inbound.py", line 104, in poll_updates
  File "/usr/local/lib/python3.12/site-packages/requests/models.py", line 1024, in raise_for_status
    raise HTTPError(http_error_msg, response=self)
requests.exceptions.HTTPError: 404 Client Error: Not Found for url: https://api.telegram.org/botREPLACE_WITH_BOT_TOKEN/getUpdates?timeout=30&allowed_updates=%5B%22message%22%2C+%22callback_query%22%5D
2026-08-30 07:54:49,112 | ERROR | telegram_gateway_application.utilities.utils_telegram.gateway_inbound | Telegram long polling request failed. Retrying...
Traceback (most recent call last):
  File "/telegram_gateway/telegram_gateway_application/utilities/utils_telegram/gateway_inbound.py", line 104, in poll_updates
  File "/usr/local/lib/python3.12/site-packages/requests/models.py", line 1024, in raise_for_status
    raise HTTPError(http_error_msg, response=self)
requests.exceptions.HTTPError: 404 Client Error: Not Found for url: https://api.telegram.org/botREPLACE_WITH_BOT_TOKEN/getUpdates?timeout=30&allowed_updates=%5B%22message%22%2C+%22callback_query%22%5D
2026-08-30 07:54:54,838 | ERROR | telegram_gateway_application.utilities.utils_telegram.gateway_inbound | Telegram long polling request failed. Retrying...
Traceback (most recent call last):
  File "/telegram_gateway/telegram_gateway_application/utilities/utils_telegram/gateway_inbound.py", line 104, in poll_updates
  File "/usr/local/lib/python3.12/site-packages/requests/models.py", line 1024, in raise_for_status
    raise HTTPError(http_error_msg, response=self)
requests.exceptions.HTTPError: 404 Client Error: Not Found for url: https://api.telegram.org/botREPLACE_WITH_BOT_TOKEN/getUpdates?timeout=30&allowed_updates=%5B%22message%22%2C+%22callback_query%22%5D
2026-08-30 07:55:00,562 | ERROR | telegram_gateway_application.utilities.utils_telegram.gateway_inbound | Telegram long polling request failed. Retrying...
Traceback (most recent call last):
  File "/telegram_gateway/telegram_gateway_application/utilities/utils_telegram/gateway_inbound.py", line 104, in poll_updates
  File "/usr/local/lib/python3.12/site-packages/requests/models.py", line 1024, in raise_for_status
    raise HTTPError(http_error_msg, response=self)
requests.exceptions.HTTPError: 404 Client Error: Not Found for url: https://api.telegram.org/botREPLACE_WITH_BOT_TOKEN/getUpdates?timeout=30&allowed_updates=%5B%22message%22%2C+%22callback_query%22%5D
2026-08-30 07:55:06,272 | ERROR | telegram_gateway_application.utilities.utils_telegram.gateway_inbound | Telegram long polling request failed. Retrying...
Traceback (most recent call last):
  File "/telegram_gateway/telegram_gateway_application/utilities/utils_telegram/gateway_inbound.py", line 104, in poll_updates
  File "/usr/local/lib/python3.12/site-packages/requests/models.py", line 1024, in raise_for_status
    raise HTTPError(http_error_msg, response=self)
requests.exceptions.HTTPError: 404 Client Error: Not Found for url: https://api.telegram.org/botREPLACE_WITH_BOT_TOKEN/getUpdates?timeout=30&allowed_updates=%5B%22message%22%2C+%22callback_query%22%5D
2026-08-30 07:55:11,982 | ERROR | telegram_gateway_application.utilities.utils_telegram.gateway_inbound | Telegram long polling request failed. Retrying...
Traceback (most recent call last):
  File "/telegram_gateway/telegram_gateway_application/utilities/utils_telegram/gateway_inbound.py", line 104, in poll_updates
  File "/usr/local/lib/python3.12/site-packages/requests/models.py", line 1024, in raise_for_status
    raise HTTPError(http_error_msg, response=self)
requests.exceptions.HTTPError: 404 Client Error: Not Found for url: https://api.telegram.org/botREPLACE_WITH_BOT_TOKEN/getUpdates?timeout=30&allowed_updates=%5B%22message%22%2C+%22callback_query%22%5D
2026-08-30 07:55:17,729 | ERROR | telegram_gateway_application.utilities.utils_telegram.gateway_inbound | Telegram long polling request failed. Retrying...
Traceback (most recent call last):
  File "/telegram_gateway/telegram_gateway_application/utilities/utils_telegram/gateway_inbound.py", line 104, in poll_updates
  File "/usr/local/lib/python3.12/site-packages/requests/models.py", line 1024, in raise_for_status
    raise HTTPError(http_error_msg, response=self)
requests.exceptions.HTTPError: 404 Client Error: Not Found for url: https://api.telegram.org/botREPLACE_WITH_BOT_TOKEN/getUpdates?timeout=30&allowed_updates=%5B%22message%22%2C+%22callback_query%22%5D
2026-08-30 07:55:23,439 | ERROR | telegram_gateway_application.utilities.utils_telegram.gateway_inbound | Telegram long polling request failed. Retrying...
Traceback (most recent call last):
  File "/telegram_gateway/telegram_gateway_application/utilities/utils_telegram/gateway_inbound.py", line 104, in poll_updates
  File "/usr/local/lib/python3.12/site-packages/requests/models.py", line 1024, in raise_for_status
    raise HTTPError(http_error_msg, response=self)
requests.exceptions.HTTPError: 404 Client Error: Not Found for url: https://api.telegram.org/botREPLACE_WITH_BOT_TOKEN/getUpdates?timeout=30&allowed_updates=%5B%22message%22%2C+%22callback_query%22%5D
2026-08-30 07:55:29,181 | ERROR | telegram_gateway_application.utilities.utils_telegram.gateway_inbound | Telegram long polling request failed. Retrying...
Traceback (most recent call last):
  File "/telegram_gateway/telegram_gateway_application/utilities/utils_telegram/gateway_inbound.py", line 104, in poll_updates
  File "/usr/local/lib/python3.12/site-packages/requests/models.py", line 1024, in raise_for_status
    raise HTTPError(http_error_msg, response=self)
requests.exceptions.HTTPError: 404 Client Error: Not Found for url: https://api.telegram.org/botREPLACE_WITH_BOT_TOKEN/getUpdates?timeout=30&allowed_updates=%5B%22message%22%2C+%22callback_query%22%5D
2026-08-30 07:55:34,893 | ERROR | telegram_gateway_application.utilities.utils_telegram.gateway_inbound | Telegram long polling request failed. Retrying...
Traceback (most recent call last):
  File "/telegram_gateway/telegram_gateway_application/utilities/utils_telegram/gateway_inbound.py", line 104, in poll_updates
  File "/usr/local/lib/python3.12/site-packages/requests/models.py", line 1024, in raise_for_status
    raise HTTPError(http_error_msg, response=self)
requests.exceptions.HTTPError: 404 Client Error: Not Found for url: https://api.telegram.org/botREPLACE_WITH_BOT_TOKEN/getUpdates?timeout=30&allowed_updates=%5B%22message%22%2C+%22callback_query%22%5D
2026-08-30 07:55:40,622 | ERROR | telegram_gateway_application.utilities.utils_telegram.gateway_inbound | Telegram long polling request failed. Retrying...
Traceback (most recent call last):
  File "/telegram_gateway/telegram_gateway_application/utilities/utils_telegram/gateway_inbound.py", line 104, in poll_updates
  File "/usr/local/lib/python3.12/site-packages/requests/models.py", line 1024, in raise_for_status
    raise HTTPError(http_error_msg, response=self)
requests.exceptions.HTTPError: 404 Client Error: Not Found for url: https://api.telegram.org/botREPLACE_WITH_BOT_TOKEN/getUpdates?timeout=30&allowed_updates=%5B%22message%22%2C+%22callback_query%22%5D
2026-08-30 07:55:46,335 | ERROR | telegram_gateway_application.utilities.utils_telegram.gateway_inbound | Telegram long polling request failed. Retrying...
Traceback (most recent call last):
  File "/telegram_gateway/telegram_gateway_application/utilities/utils_telegram/gateway_inbound.py", line 104, in poll_updates
  File "/usr/local/lib/python3.12/site-packages/requests/models.py", line 1024, in raise_for_status
    raise HTTPError(http_error_msg, response=self)
requests.exceptions.HTTPError: 404 Client Error: Not Found for url: https://api.telegram.org/botREPLACE_WITH_BOT_TOKEN/getUpdates?timeout=30&allowed_updates=%5B%22message%22%2C+%22callback_query%22%5D
2026-08-30 07:55:52,049 | ERROR | telegram_gateway_application.utilities.utils_telegram.gateway_inbound | Telegram long polling request failed. Retrying...
Traceback (most recent call last):
  File "/telegram_gateway/telegram_gateway_application/utilities/utils_telegram/gateway_inbound.py", line 104, in poll_updates
  File "/usr/local/lib/python3.12/site-packages/requests/models.py", line 1024, in raise_for_status
    raise HTTPError(http_error_msg, response=self)
requests.exceptions.HTTPError: 404 Client Error: Not Found for url: https://api.telegram.org/botREPLACE_WITH_BOT_TOKEN/getUpdates?timeout=30&allowed_updates=%5B%22message%22%2C+%22callback_query%22%5D
2026-08-30 07:55:57,789 | ERROR | telegram_gateway_application.utilities.utils_telegram.gateway_inbound | Telegram long polling request failed. Retrying...
Traceback (most recent call last):
  File "/telegram_gateway/telegram_gateway_application/utilities/utils_telegram/gateway_inbound.py", line 104, in poll_updates
  File "/usr/local/lib/python3.12/site-packages/requests/models.py", line 1024, in raise_for_status
    raise HTTPError(http_error_msg, response=self)
requests.exceptions.HTTPError: 404 Client Error: Not Found for url: https://api.telegram.org/botREPLACE_WITH_BOT_TOKEN/getUpdates?timeout=30&allowed_updates=%5B%22message%22%2C+%22callback_query%22%5D
2026-08-30 07:56:03,518 | ERROR | telegram_gateway_application.utilities.utils_telegram.gateway_inbound | Telegram long polling request failed. Retrying...
Traceback (most recent call last):
  File "/telegram_gateway/telegram_gateway_application/utilities/utils_telegram/gateway_inbound.py", line 104, in poll_updates
  File "/usr/local/lib/python3.12/site-packages/requests/models.py", line 1024, in raise_for_status
    raise HTTPError(http_error_msg, response=self)
requests.exceptions.HTTPError: 404 Client Error: Not Found for url: https://api.telegram.org/botREPLACE_WITH_BOT_TOKEN/getUpdates?timeout=30&allowed_updates=%5B%22message%22%2C+%22callback_query%22%5D
2026-08-30 07:56:09,234 | ERROR | telegram_gateway_application.utilities.utils_telegram.gateway_inbound | Telegram long polling request failed. Retrying...
Traceback (most recent call last):
  File "/telegram_gateway/telegram_gateway_application/utilities/utils_telegram/gateway_inbound.py", line 104, in poll_updates
  File "/usr/local/lib/python3.12/site-packages/requests/models.py", line 1024, in raise_for_status
    raise HTTPError(http_error_msg, response=self)
requests.exceptions.HTTPError: 404 Client Error: Not Found for url: https://api.telegram.org/botREPLACE_WITH_BOT_TOKEN/getUpdates?timeout=30&allowed_updates=%5B%22message%22%2C+%22callback_query%22%5D
2026-08-30 07:56:14,986 | ERROR | telegram_gateway_application.utilities.utils_telegram.gateway_inbound | Telegram long polling request failed. Retrying...
Traceback (most recent call last):
  File "/telegram_gateway/telegram_gateway_application/utilities/utils_telegram/gateway_inbound.py", line 104, in poll_updates
  File "/usr/local/lib/python3.12/site-packages/requests/models.py", line 1024, in raise_for_status
    raise HTTPError(http_error_msg, response=self)
requests.exceptions.HTTPError: 404 Client Error: Not Found for url: https://api.telegram.org/botREPLACE_WITH_BOT_TOKEN/getUpdates?timeout=30&allowed_updates=%5B%22message%22%2C+%22callback_query%22%5D
2026-08-30 07:56:20,700 | ERROR | telegram_gateway_application.utilities.utils_telegram.gateway_inbound | Telegram long polling request failed. Retrying...
Traceback (most recent call last):
  File "/telegram_gateway/telegram_gateway_application/utilities/utils_telegram/gateway_inbound.py", line 104, in poll_updates
  File "/usr/local/lib/python3.12/site-packages/requests/models.py", line 1024, in raise_for_status
    raise HTTPError(http_error_msg, response=self)
requests.exceptions.HTTPError: 404 Client Error: Not Found for url: https://api.telegram.org/botREPLACE_WITH_BOT_TOKEN/getUpdates?timeout=30&allowed_updates=%5B%22message%22%2C+%22callback_query%22%5D
2026-08-30 07:56:26,426 | ERROR | telegram_gateway_application.utilities.utils_telegram.gateway_inbound | Telegram long polling request failed. Retrying...
Traceback (most recent call last):
  File "/telegram_gateway/telegram_gateway_application/utilities/utils_telegram/gateway_inbound.py", line 104, in poll_updates
  File "/usr/local/lib/python3.12/site-packages/requests/models.py", line 1024, in raise_for_status
    raise HTTPError(http_error_msg, response=self)
requests.exceptions.HTTPError: 404 Client Error: Not Found for url: https://api.telegram.org/botREPLACE_WITH_BOT_TOKEN/getUpdates?timeout=30&allowed_updates=%5B%22message%22%2C+%22callback_query%22%5D
2026-08-30 07:56:32,154 | ERROR | telegram_gateway_application.utilities.utils_telegram.gateway_inbound | Telegram long polling request failed. Retrying...
Traceback (most recent call last):
  File "/telegram_gateway/telegram_gateway_application/utilities/utils_telegram/gateway_inbound.py", line 104, in poll_updates
  File "/usr/local/lib/python3.12/site-packages/requests/models.py", line 1024, in raise_for_status
    raise HTTPError(http_error_msg, response=self)
requests.exceptions.HTTPError: 404 Client Error: Not Found for url: https://api.telegram.org/botREPLACE_WITH_BOT_TOKEN/getUpdates?timeout=30&allowed_updates=%5B%22message%22%2C+%22callback_query%22%5D
2026-08-30 07:56:37,867 | ERROR | telegram_gateway_application.utilities.utils_telegram.gateway_inbound | Telegram long polling request failed. Retrying...
Traceback (most recent call last):
  File "/telegram_gateway/telegram_gateway_application/utilities/utils_telegram/gateway_inbound.py", line 104, in poll_updates
  File "/usr/local/lib/python3.12/site-packages/requests/models.py", line 1024, in raise_for_status
    raise HTTPError(http_error_msg, response=self)
requests.exceptions.HTTPError: 404 Client Error: Not Found for url: https://api.telegram.org/botREPLACE_WITH_BOT_TOKEN/getUpdates?timeout=30&allowed_updates=%5B%22message%22%2C+%22callback_query%22%5D
2026-08-30 07:56:43,603 | ERROR | telegram_gateway_application.utilities.utils_telegram.gateway_inbound | Telegram long polling request failed. Retrying...
Traceback (most recent call last):
  File "/telegram_gateway/telegram_gateway_application/utilities/utils_telegram/gateway_inbound.py", line 104, in poll_updates
  File "/usr/local/lib/python3.12/site-packages/requests/models.py", line 1024, in raise_for_status
    raise HTTPError(http_error_msg, response=self)
requests.exceptions.HTTPError: 404 Client Error: Not Found for url: https://api.telegram.org/botREPLACE_WITH_BOT_TOKEN/getUpdates?timeout=30&allowed_updates=%5B%22message%22%2C+%22callback_query%22%5D
2026-08-30 07:56:49,345 | ERROR | telegram_gateway_application.utilities.utils_telegram.gateway_inbound | Telegram long polling request failed. Retrying...
Traceback (most recent call last):
  File "/telegram_gateway/telegram_gateway_application/utilities/utils_telegram/gateway_inbound.py", line 104, in poll_updates
  File "/usr/local/lib/python3.12/site-packages/requests/models.py", line 1024, in raise_for_status
    raise HTTPError(http_error_msg, response=self)
requests.exceptions.HTTPError: 404 Client Error: Not Found for url: https://api.telegram.org/botREPLACE_WITH_BOT_TOKEN/getUpdates?timeout=30&allowed_updates=%5B%22message%22%2C+%22callback_query%22%5D
2026-08-30 07:56:55,060 | ERROR | telegram_gateway_application.utilities.utils_telegram.gateway_inbound | Telegram long polling request failed. Retrying...
Traceback (most recent call last):
  File "/telegram_gateway/telegram_gateway_application/utilities/utils_telegram/gateway_inbound.py", line 104, in poll_updates
  File "/usr/local/lib/python3.12/site-packages/requests/models.py", line 1024, in raise_for_status
    raise HTTPError(http_error_msg, response=self)
requests.exceptions.HTTPError: 404 Client Error: Not Found for url: https://api.telegram.org/botREPLACE_WITH_BOT_TOKEN/getUpdates?timeout=30&allowed_updates=%5B%22message%22%2C+%22callback_query%22%5D
2026-08-30 07:57:00,782 | ERROR | telegram_gateway_application.utilities.utils_telegram.gateway_inbound | Telegram long polling request failed. Retrying...
Traceback (most recent call last):
  File "/telegram_gateway/telegram_gateway_application/utilities/utils_telegram/gateway_inbound.py", line 104, in poll_updates
  File "/usr/local/lib/python3.12/site-packages/requests/models.py", line 1024, in raise_for_status
    raise HTTPError(http_error_msg, response=self)
requests.exceptions.HTTPError: 404 Client Error: Not Found for url: https://api.telegram.org/botREPLACE_WITH_BOT_TOKEN/getUpdates?timeout=30&allowed_updates=%5B%22message%22%2C+%22callback_query%22%5D
2026-08-30 07:57:06,517 | ERROR | telegram_gateway_application.utilities.utils_telegram.gateway_inbound | Telegram long polling request failed. Retrying...
Traceback (most recent call last):
  File "/telegram_gateway/telegram_gateway_application/utilities/utils_telegram/gateway_inbound.py", line 104, in poll_updates
  File "/usr/local/lib/python3.12/site-packages/requests/models.py", line 1024, in raise_for_status
    raise HTTPError(http_error_msg, response=self)
requests.exceptions.HTTPError: 404 Client Error: Not Found for url: https://api.telegram.org/botREPLACE_WITH_BOT_TOKEN/getUpdates?timeout=30&allowed_updates=%5B%22message%22%2C+%22callback_query%22%5D
2026-08-30 07:57:12,223 | ERROR | telegram_gateway_application.utilities.utils_telegram.gateway_inbound | Telegram long polling request failed. Retrying...
Traceback (most recent call last):
  File "/telegram_gateway/telegram_gateway_application/utilities/utils_telegram/gateway_inbound.py", line 104, in poll_updates
  File "/usr/local/lib/python3.12/site-packages/requests/models.py", line 1024, in raise_for_status
    raise HTTPError(http_error_msg, response=self)
requests.exceptions.HTTPError: 404 Client Error: Not Found for url: https://api.telegram.org/botREPLACE_WITH_BOT_TOKEN/getUpdates?timeout=30&allowed_updates=%5B%22message%22%2C+%22callback_query%22%5D
2026-08-30 07:57:17,940 | ERROR | telegram_gateway_application.utilities.utils_telegram.gateway_inbound | Telegram long polling request failed. Retrying...
Traceback (most recent call last):
  File "/telegram_gateway/telegram_gateway_application/utilities/utils_telegram/gateway_inbound.py", line 104, in poll_updates
  File "/usr/local/lib/python3.12/site-packages/requests/models.py", line 1024, in raise_for_status
    raise HTTPError(http_error_msg, response=self)
requests.exceptions.HTTPError: 404 Client Error: Not Found for url: https://api.telegram.org/botREPLACE_WITH_BOT_TOKEN/getUpdates?timeout=30&allowed_updates=%5B%22message%22%2C+%22callback_query%22%5D
2026-08-30 07:57:23,658 | ERROR | telegram_gateway_application.utilities.utils_telegram.gateway_inbound | Telegram long polling request failed. Retrying...
Traceback (most recent call last):
  File "/telegram_gateway/telegram_gateway_application/utilities/utils_telegram/gateway_inbound.py", line 104, in poll_updates
  File "/usr/local/lib/python3.12/site-packages/requests/models.py", line 1024, in raise_for_status
    raise HTTPError(http_error_msg, response=self)
requests.exceptions.HTTPError: 404 Client Error: Not Found for url: https://api.telegram.org/botREPLACE_WITH_BOT_TOKEN/getUpdates?timeout=30&allowed_updates=%5B%22message%22%2C+%22callback_query%22%5D
2026-08-30 07:57:29,372 | ERROR | telegram_gateway_application.utilities.utils_telegram.gateway_inbound | Telegram long polling request failed. Retrying...
Traceback (most recent call last):
  File "/telegram_gateway/telegram_gateway_application/utilities/utils_telegram/gateway_inbound.py", line 104, in poll_updates
  File "/usr/local/lib/python3.12/site-packages/requests/models.py", line 1024, in raise_for_status
    raise HTTPError(http_error_msg, response=self)
requests.exceptions.HTTPError: 404 Client Error: Not Found for url: https://api.telegram.org/botREPLACE_WITH_BOT_TOKEN/getUpdates?timeout=30&allowed_updates=%5B%22message%22%2C+%22callback_query%22%5D
2026-08-30 07:57:35,097 | ERROR | telegram_gateway_application.utilities.utils_telegram.gateway_inbound | Telegram long polling request failed. Retrying...
Traceback (most recent call last):
  File "/telegram_gateway/telegram_gateway_application/utilities/utils_telegram/gateway_inbound.py", line 104, in poll_updates
  File "/usr/local/lib/python3.12/site-packages/requests/models.py", line 1024, in raise_for_status
    raise HTTPError(http_error_msg, response=self)
requests.exceptions.HTTPError: 404 Client Error: Not Found for url: https://api.telegram.org/botREPLACE_WITH_BOT_TOKEN/getUpdates?timeout=30&allowed_updates=%5B%22message%22%2C+%22callback_query%22%5D
2026-08-30 07:57:40,849 | ERROR | telegram_gateway_application.utilities.utils_telegram.gateway_inbound | Telegram long polling request failed. Retrying...
Traceback (most recent call last):
  File "/telegram_gateway/telegram_gateway_application/utilities/utils_telegram/gateway_inbound.py", line 104, in poll_updates
  File "/usr/local/lib/python3.12/site-packages/requests/models.py", line 1024, in raise_for_status
    raise HTTPError(http_error_msg, response=self)
requests.exceptions.HTTPError: 404 Client Error: Not Found for url: https://api.telegram.org/botREPLACE_WITH_BOT_TOKEN/getUpdates?timeout=30&allowed_updates=%5B%22message%22%2C+%22callback_query%22%5D
2026-08-30 07:57:46,563 | ERROR | telegram_gateway_application.utilities.utils_telegram.gateway_inbound | Telegram long polling request failed. Retrying...
Traceback (most recent call last):
  File "/telegram_gateway/telegram_gateway_application/utilities/utils_telegram/gateway_inbound.py", line 104, in poll_updates
  File "/usr/local/lib/python3.12/site-packages/requests/models.py", line 1024, in raise_for_status
    raise HTTPError(http_error_msg, response=self)
requests.exceptions.HTTPError: 404 Client Error: Not Found for url: https://api.telegram.org/botREPLACE_WITH_BOT_TOKEN/getUpdates?timeout=30&allowed_updates=%5B%22message%22%2C+%22callback_query%22%5D
2026-08-30 07:57:52,274 | ERROR | telegram_gateway_application.utilities.utils_telegram.gateway_inbound | Telegram long polling request failed. Retrying...
Traceback (most recent call last):
  File "/telegram_gateway/telegram_gateway_application/utilities/utils_telegram/gateway_inbound.py", line 104, in poll_updates
  File "/usr/local/lib/python3.12/site-packages/requests/models.py", line 1024, in raise_for_status
    raise HTTPError(http_error_msg, response=self)
requests.exceptions.HTTPError: 404 Client Error: Not Found for url: https://api.telegram.org/botREPLACE_WITH_BOT_TOKEN/getUpdates?timeout=30&allowed_updates=%5B%22message%22%2C+%22callback_query%22%5D
2026-08-30 07:57:57,985 | ERROR | telegram_gateway_application.utilities.utils_telegram.gateway_inbound | Telegram long polling request failed. Retrying...
Traceback (most recent call last):
  File "/telegram_gateway/telegram_gateway_application/utilities/utils_telegram/gateway_inbound.py", line 104, in poll_updates
  File "/usr/local/lib/python3.12/site-packages/requests/models.py", line 1024, in raise_for_status
    raise HTTPError(http_error_msg, response=self)
requests.exceptions.HTTPError: 404 Client Error: Not Found for url: https://api.telegram.org/botREPLACE_WITH_BOT_TOKEN/getUpdates?timeout=30&allowed_updates=%5B%22message%22%2C+%22callback_query%22%5D
2026-08-30 07:58:03,710 | ERROR | telegram_gateway_application.utilities.utils_telegram.gateway_inbound | Telegram long polling request failed. Retrying...
Traceback (most recent call last):
  File "/telegram_gateway/telegram_gateway_application/utilities/utils_telegram/gateway_inbound.py", line 104, in poll_updates
  File "/usr/local/lib/python3.12/site-packages/requests/models.py", line 1024, in raise_for_status
    raise HTTPError(http_error_msg, response=self)
requests.exceptions.HTTPError: 404 Client Error: Not Found for url: https://api.telegram.org/botREPLACE_WITH_BOT_TOKEN/getUpdates?timeout=30&allowed_updates=%5B%22message%22%2C+%22callback_query%22%5D
2026-08-30 07:58:09,439 | ERROR | telegram_gateway_application.utilities.utils_telegram.gateway_inbound | Telegram long polling request failed. Retrying...
Traceback (most recent call last):
  File "/telegram_gateway/telegram_gateway_application/utilities/utils_telegram/gateway_inbound.py", line 104, in poll_updates
  File "/usr/local/lib/python3.12/site-packages/requests/models.py", line 1024, in raise_for_status
    raise HTTPError(http_error_msg, response=self)
requests.exceptions.HTTPError: 404 Client Error: Not Found for url: https://api.telegram.org/botREPLACE_WITH_BOT_TOKEN/getUpdates?timeout=30&allowed_updates=%5B%22message%22%2C+%22callback_query%22%5D
2026-08-30 07:58:15,151 | ERROR | telegram_gateway_application.utilities.utils_telegram.gateway_inbound | Telegram long polling request failed. Retrying...
Traceback (most recent call last):
  File "/telegram_gateway/telegram_gateway_application/utilities/utils_telegram/gateway_inbound.py", line 104, in poll_updates
  File "/usr/local/lib/python3.12/site-packages/requests/models.py", line 1024, in raise_for_status
    raise HTTPError(http_error_msg, response=self)
requests.exceptions.HTTPError: 404 Client Error: Not Found for url: https://api.telegram.org/botREPLACE_WITH_BOT_TOKEN/getUpdates?timeout=30&allowed_updates=%5B%22message%22%2C+%22callback_query%22%5D
2026-08-30 07:58:20,863 | ERROR | telegram_gateway_application.utilities.utils_telegram.gateway_inbound | Telegram long polling request failed. Retrying...
Traceback (most recent call last):
  File "/telegram_gateway/telegram_gateway_application/utilities/utils_telegram/gateway_inbound.py", line 104, in poll_updates
  File "/usr/local/lib/python3.12/site-packages/requests/models.py", line 1024, in raise_for_status
    raise HTTPError(http_error_msg, response=self)
requests.exceptions.HTTPError: 404 Client Error: Not Found for url: https://api.telegram.org/botREPLACE_WITH_BOT_TOKEN/getUpdates?timeout=30&allowed_updates=%5B%22message%22%2C+%22callback_query%22%5D
2026-08-30 07:58:26,585 | ERROR | telegram_gateway_application.utilities.utils_telegram.gateway_inbound | Telegram long polling request failed. Retrying...
Traceback (most recent call last):
  File "/telegram_gateway/telegram_gateway_application/utilities/utils_telegram/gateway_inbound.py", line 104, in poll_updates
  File "/usr/local/lib/python3.12/site-packages/requests/models.py", line 1024, in raise_for_status
    raise HTTPError(http_error_msg, response=self)
requests.exceptions.HTTPError: 404 Client Error: Not Found for url: https://api.telegram.org/botREPLACE_WITH_BOT_TOKEN/getUpdates?timeout=30&allowed_updates=%5B%22message%22%2C+%22callback_query%22%5D
2026-08-30 07:58:32,307 | ERROR | telegram_gateway_application.utilities.utils_telegram.gateway_inbound | Telegram long polling request failed. Retrying...
Traceback (most recent call last):
  File "/telegram_gateway/telegram_gateway_application/utilities/utils_telegram/gateway_inbound.py", line 104, in poll_updates
  File "/usr/local/lib/python3.12/site-packages/requests/models.py", line 1024, in raise_for_status
    raise HTTPError(http_error_msg, response=self)
requests.exceptions.HTTPError: 404 Client Error: Not Found for url: https://api.telegram.org/botREPLACE_WITH_BOT_TOKEN/getUpdates?timeout=30&allowed_updates=%5B%22message%22%2C+%22callback_query%22%5D
2026-08-30 07:58:38,044 | ERROR | telegram_gateway_application.utilities.utils_telegram.gateway_inbound | Telegram long polling request failed. Retrying...
Traceback (most recent call last):
  File "/telegram_gateway/telegram_gateway_application/utilities/utils_telegram/gateway_inbound.py", line 104, in poll_updates
  File "/usr/local/lib/python3.12/site-packages/requests/models.py", line 1024, in raise_for_status
    raise HTTPError(http_error_msg, response=self)
requests.exceptions.HTTPError: 404 Client Error: Not Found for url: https://api.telegram.org/botREPLACE_WITH_BOT_TOKEN/getUpdates?timeout=30&allowed_updates=%5B%22message%22%2C+%22callback_query%22%5D
2026-08-30 07:58:43,762 | ERROR | telegram_gateway_application.utilities.utils_telegram.gateway_inbound | Telegram long polling request failed. Retrying...
Traceback (most recent call last):
  File "/telegram_gateway/telegram_gateway_application/utilities/utils_telegram/gateway_inbound.py", line 104, in poll_updates
  File "/usr/local/lib/python3.12/site-packages/requests/models.py", line 1024, in raise_for_status
    raise HTTPError(http_error_msg, response=self)
requests.exceptions.HTTPError: 404 Client Error: Not Found for url: https://api.telegram.org/botREPLACE_WITH_BOT_TOKEN/getUpdates?timeout=30&allowed_updates=%5B%22message%22%2C+%22callback_query%22%5D
2026-08-30 07:58:49,475 | ERROR | telegram_gateway_application.utilities.utils_telegram.gateway_inbound | Telegram long polling request failed. Retrying...
Traceback (most recent call last):
  File "/telegram_gateway/telegram_gateway_application/utilities/utils_telegram/gateway_inbound.py", line 104, in poll_updates
  File "/usr/local/lib/python3.12/site-packages/requests/models.py", line 1024, in raise_for_status
    raise HTTPError(http_error_msg, response=self)
requests.exceptions.HTTPError: 404 Client Error: Not Found for url: https://api.telegram.org/botREPLACE_WITH_BOT_TOKEN/getUpdates?timeout=30&allowed_updates=%5B%22message%22%2C+%22callback_query%22%5D
2026-08-30 07:58:55,218 | ERROR | telegram_gateway_application.utilities.utils_telegram.gateway_inbound | Telegram long polling request failed. Retrying...
Traceback (most recent call last):
  File "/telegram_gateway/telegram_gateway_application/utilities/utils_telegram/gateway_inbound.py", line 104, in poll_updates
  File "/usr/local/lib/python3.12/site-packages/requests/models.py", line 1024, in raise_for_status
    raise HTTPError(http_error_msg, response=self)
requests.exceptions.HTTPError: 404 Client Error: Not Found for url: https://api.telegram.org/botREPLACE_WITH_BOT_TOKEN/getUpdates?timeout=30&allowed_updates=%5B%22message%22%2C+%22callback_query%22%5D
2026-08-30 07:59:00,930 | ERROR | telegram_gateway_application.utilities.utils_telegram.gateway_inbound | Telegram long polling request failed. Retrying...
Traceback (most recent call last):
  File "/telegram_gateway/telegram_gateway_application/utilities/utils_telegram/gateway_inbound.py", line 104, in poll_updates
  File "/usr/local/lib/python3.12/site-packages/requests/models.py", line 1024, in raise_for_status
    raise HTTPError(http_error_msg, response=self)
requests.exceptions.HTTPError: 404 Client Error: Not Found for url: https://api.telegram.org/botREPLACE_WITH_BOT_TOKEN/getUpdates?timeout=30&allowed_updates=%5B%22message%22%2C+%22callback_query%22%5D
2026-08-30 07:59:06,650 | ERROR | telegram_gateway_application.utilities.utils_telegram.gateway_inbound | Telegram long polling request failed. Retrying...
Traceback (most recent call last):
  File "/telegram_gateway/telegram_gateway_application/utilities/utils_telegram/gateway_inbound.py", line 104, in poll_updates
  File "/usr/local/lib/python3.12/site-packages/requests/models.py", line 1024, in raise_for_status
    raise HTTPError(http_error_msg, response=self)
requests.exceptions.HTTPError: 404 Client Error: Not Found for url: https://api.telegram.org/botREPLACE_WITH_BOT_TOKEN/getUpdates?timeout=30&allowed_updates=%5B%22message%22%2C+%22callback_query%22%5D
2026-08-30 07:59:12,365 | ERROR | telegram_gateway_application.utilities.utils_telegram.gateway_inbound | Telegram long polling request failed. Retrying...
Traceback (most recent call last):
  File "/telegram_gateway/telegram_gateway_application/utilities/utils_telegram/gateway_inbound.py", line 104, in poll_updates
  File "/usr/local/lib/python3.12/site-packages/requests/models.py", line 1024, in raise_for_status
    raise HTTPError(http_error_msg, response=self)
requests.exceptions.HTTPError: 404 Client Error: Not Found for url: https://api.telegram.org/botREPLACE_WITH_BOT_TOKEN/getUpdates?timeout=30&allowed_updates=%5B%22message%22%2C+%22callback_query%22%5D
2026-08-30 07:59:18,080 | ERROR | telegram_gateway_application.utilities.utils_telegram.gateway_inbound | Telegram long polling request failed. Retrying...
Traceback (most recent call last):
  File "/telegram_gateway/telegram_gateway_application/utilities/utils_telegram/gateway_inbound.py", line 104, in poll_updates
  File "/usr/local/lib/python3.12/site-packages/requests/models.py", line 1024, in raise_for_status
    raise HTTPError(http_error_msg, response=self)
requests.exceptions.HTTPError: 404 Client Error: Not Found for url: https://api.telegram.org/botREPLACE_WITH_BOT_TOKEN/getUpdates?timeout=30&allowed_updates=%5B%22message%22%2C+%22callback_query%22%5D
2026-08-30 07:59:23,804 | ERROR | telegram_gateway_application.utilities.utils_telegram.gateway_inbound | Telegram long polling request failed. Retrying...
Traceback (most recent call last):
  File "/telegram_gateway/telegram_gateway_application/utilities/utils_telegram/gateway_inbound.py", line 104, in poll_updates
  File "/usr/local/lib/python3.12/site-packages/requests/models.py", line 1024, in raise_for_status
    raise HTTPError(http_error_msg, response=self)
requests.exceptions.HTTPError: 404 Client Error: Not Found for url: https://api.telegram.org/botREPLACE_WITH_BOT_TOKEN/getUpdates?timeout=30&allowed_updates=%5B%22message%22%2C+%22callback_query%22%5D
2026-08-30 07:59:29,528 | ERROR | telegram_gateway_application.utilities.utils_telegram.gateway_inbound | Telegram long polling request failed. Retrying...
Traceback (most recent call last):
  File "/telegram_gateway/telegram_gateway_application/utilities/utils_telegram/gateway_inbound.py", line 104, in poll_updates
  File "/usr/local/lib/python3.12/site-packages/requests/models.py", line 1024, in raise_for_status
    raise HTTPError(http_error_msg, response=self)
requests.exceptions.HTTPError: 404 Client Error: Not Found for url: https://api.telegram.org/botREPLACE_WITH_BOT_TOKEN/getUpdates?timeout=30&allowed_updates=%5B%22message%22%2C+%22callback_query%22%5D
2026-08-30 07:59:35,255 | ERROR | telegram_gateway_application.utilities.utils_telegram.gateway_inbound | Telegram long polling request failed. Retrying...
Traceback (most recent call last):
  File "/telegram_gateway/telegram_gateway_application/utilities/utils_telegram/gateway_inbound.py", line 104, in poll_updates
  File "/usr/local/lib/python3.12/site-packages/requests/models.py", line 1024, in raise_for_status
    raise HTTPError(http_error_msg, response=self)
requests.exceptions.HTTPError: 404 Client Error: Not Found for url: https://api.telegram.org/botREPLACE_WITH_BOT_TOKEN/getUpdates?timeout=30&allowed_updates=%5B%22message%22%2C+%22callback_query%22%5D
2026-08-30 07:59:40,978 | ERROR | telegram_gateway_application.utilities.utils_telegram.gateway_inbound | Telegram long polling request failed. Retrying...
Traceback (most recent call last):
  File "/telegram_gateway/telegram_gateway_application/utilities/utils_telegram/gateway_inbound.py", line 104, in poll_updates
  File "/usr/local/lib/python3.12/site-packages/requests/models.py", line 1024, in raise_for_status
    raise HTTPError(http_error_msg, response=self)
requests.exceptions.HTTPError: 404 Client Error: Not Found for url: https://api.telegram.org/botREPLACE_WITH_BOT_TOKEN/getUpdates?timeout=30&allowed_updates=%5B%22message%22%2C+%22callback_query%22%5D
2026-08-30 07:59:46,707 | ERROR | telegram_gateway_application.utilities.utils_telegram.gateway_inbound | Telegram long polling request failed. Retrying...
Traceback (most recent call last):
  File "/telegram_gateway/telegram_gateway_application/utilities/utils_telegram/gateway_inbound.py", line 104, in poll_updates
  File "/usr/local/lib/python3.12/site-packages/requests/models.py", line 1024, in raise_for_status
    raise HTTPError(http_error_msg, response=self)
requests.exceptions.HTTPError: 404 Client Error: Not Found for url: https://api.telegram.org/botREPLACE_WITH_BOT_TOKEN/getUpdates?timeout=30&allowed_updates=%5B%22message%22%2C+%22callback_query%22%5D
2026-08-30 07:59:52,423 | ERROR | telegram_gateway_application.utilities.utils_telegram.gateway_inbound | Telegram long polling request failed. Retrying...
Traceback (most recent call last):
  File "/telegram_gateway/telegram_gateway_application/utilities/utils_telegram/gateway_inbound.py", line 104, in poll_updates
  File "/usr/local/lib/python3.12/site-packages/requests/models.py", line 1024, in raise_for_status
    raise HTTPError(http_error_msg, response=self)
requests.exceptions.HTTPError: 404 Client Error: Not Found for url: https://api.telegram.org/botREPLACE_WITH_BOT_TOKEN/getUpdates?timeout=30&allowed_updates=%5B%22message%22%2C+%22callback_query%22%5D
2026-08-30 07:59:58,137 | ERROR | telegram_gateway_application.utilities.utils_telegram.gateway_inbound | Telegram long polling request failed. Retrying...
Traceback (most recent call last):
  File "/telegram_gateway/telegram_gateway_application/utilities/utils_telegram/gateway_inbound.py", line 104, in poll_updates
  File "/usr/local/lib/python3.12/site-packages/requests/models.py", line 1024, in raise_for_status
    raise HTTPError(http_error_msg, response=self)
requests.exceptions.HTTPError: 404 Client Error: Not Found for url: https://api.telegram.org/botREPLACE_WITH_BOT_TOKEN/getUpdates?timeout=30&allowed_updates=%5B%22message%22%2C+%22callback_query%22%5D
2026-08-30 08:00:03,850 | ERROR | telegram_gateway_application.utilities.utils_telegram.gateway_inbound | Telegram long polling request failed. Retrying...
Traceback (most recent call last):
  File "/telegram_gateway/telegram_gateway_application/utilities/utils_telegram/gateway_inbound.py", line 104, in poll_updates
  File "/usr/local/lib/python3.12/site-packages/requests/models.py", line 1024, in raise_for_status
    raise HTTPError(http_error_msg, response=self)
requests.exceptions.HTTPError: 404 Client Error: Not Found for url: https://api.telegram.org/botREPLACE_WITH_BOT_TOKEN/getUpdates?timeout=30&allowed_updates=%5B%22message%22%2C+%22callback_query%22%5D
2026-08-30 08:00:09,579 | ERROR | telegram_gateway_application.utilities.utils_telegram.gateway_inbound | Telegram long polling request failed. Retrying...
Traceback (most recent call last):
  File "/telegram_gateway/telegram_gateway_application/utilities/utils_telegram/gateway_inbound.py", line 104, in poll_updates
  File "/usr/local/lib/python3.12/site-packages/requests/models.py", line 1024, in raise_for_status
    raise HTTPError(http_error_msg, response=self)
requests.exceptions.HTTPError: 404 Client Error: Not Found for url: https://api.telegram.org/botREPLACE_WITH_BOT_TOKEN/getUpdates?timeout=30&allowed_updates=%5B%22message%22%2C+%22callback_query%22%5D
2026-08-30 08:00:15,284 | ERROR | telegram_gateway_application.utilities.utils_telegram.gateway_inbound | Telegram long polling request failed. Retrying...
Traceback (most recent call last):
  File "/telegram_gateway/telegram_gateway_application/utilities/utils_telegram/gateway_inbound.py", line 104, in poll_updates
  File "/usr/local/lib/python3.12/site-packages/requests/models.py", line 1024, in raise_for_status
    raise HTTPError(http_error_msg, response=self)
requests.exceptions.HTTPError: 404 Client Error: Not Found for url: https://api.telegram.org/botREPLACE_WITH_BOT_TOKEN/getUpdates?timeout=30&allowed_updates=%5B%22message%22%2C+%22callback_query%22%5D
2026-08-30 08:00:21,019 | ERROR | telegram_gateway_application.utilities.utils_telegram.gateway_inbound | Telegram long polling request failed. Retrying...
Traceback (most recent call last):
  File "/telegram_gateway/telegram_gateway_application/utilities/utils_telegram/gateway_inbound.py", line 104, in poll_updates
  File "/usr/local/lib/python3.12/site-packages/requests/models.py", line 1024, in raise_for_status
    raise HTTPError(http_error_msg, response=self)
requests.exceptions.HTTPError: 404 Client Error: Not Found for url: https://api.telegram.org/botREPLACE_WITH_BOT_TOKEN/getUpdates?timeout=30&allowed_updates=%5B%22message%22%2C+%22callback_query%22%5D
2026-08-30 08:00:26,735 | ERROR | telegram_gateway_application.utilities.utils_telegram.gateway_inbound | Telegram long polling request failed. Retrying...
Traceback (most recent call last):
  File "/telegram_gateway/telegram_gateway_application/utilities/utils_telegram/gateway_inbound.py", line 104, in poll_updates
  File "/usr/local/lib/python3.12/site-packages/requests/models.py", line 1024, in raise_for_status
    raise HTTPError(http_error_msg, response=self)
requests.exceptions.HTTPError: 404 Client Error: Not Found for url: https://api.telegram.org/botREPLACE_WITH_BOT_TOKEN/getUpdates?timeout=30&allowed_updates=%5B%22message%22%2C+%22callback_query%22%5D
2026-08-30 08:00:32,476 | ERROR | telegram_gateway_application.utilities.utils_telegram.gateway_inbound | Telegram long polling request failed. Retrying...
Traceback (most recent call last):
  File "/telegram_gateway/telegram_gateway_application/utilities/utils_telegram/gateway_inbound.py", line 104, in poll_updates
  File "/usr/local/lib/python3.12/site-packages/requests/models.py", line 1024, in raise_for_status
    raise HTTPError(http_error_msg, response=self)
requests.exceptions.HTTPError: 404 Client Error: Not Found for url: https://api.telegram.org/botREPLACE_WITH_BOT_TOKEN/getUpdates?timeout=30&allowed_updates=%5B%22message%22%2C+%22callback_query%22%5D
2026-08-30 08:00:38,194 | ERROR | telegram_gateway_application.utilities.utils_telegram.gateway_inbound | Telegram long polling request failed. Retrying...
Traceback (most recent call last):
  File "/telegram_gateway/telegram_gateway_application/utilities/utils_telegram/gateway_inbound.py", line 104, in poll_updates
  File "/usr/local/lib/python3.12/site-packages/requests/models.py", line 1024, in raise_for_status
    raise HTTPError(http_error_msg, response=self)
requests.exceptions.HTTPError: 404 Client Error: Not Found for url: https://api.telegram.org/botREPLACE_WITH_BOT_TOKEN/getUpdates?timeout=30&allowed_updates=%5B%22message%22%2C+%22callback_query%22%5D
2026-08-30 08:00:43,912 | ERROR | telegram_gateway_application.utilities.utils_telegram.gateway_inbound | Telegram long polling request failed. Retrying...
Traceback (most recent call last):
  File "/telegram_gateway/telegram_gateway_application/utilities/utils_telegram/gateway_inbound.py", line 104, in poll_updates
  File "/usr/local/lib/python3.12/site-packages/requests/models.py", line 1024, in raise_for_status
    raise HTTPError(http_error_msg, response=self)
requests.exceptions.HTTPError: 404 Client Error: Not Found for url: https://api.telegram.org/botREPLACE_WITH_BOT_TOKEN/getUpdates?timeout=30&allowed_updates=%5B%22message%22%2C+%22callback_query%22%5D
2026-08-30 08:00:49,636 | ERROR | telegram_gateway_application.utilities.utils_telegram.gateway_inbound | Telegram long polling request failed. Retrying...
Traceback (most recent call last):
  File "/telegram_gateway/telegram_gateway_application/utilities/utils_telegram/gateway_inbound.py", line 104, in poll_updates
  File "/usr/local/lib/python3.12/site-packages/requests/models.py", line 1024, in raise_for_status
    raise HTTPError(http_error_msg, response=self)
requests.exceptions.HTTPError: 404 Client Error: Not Found for url: https://api.telegram.org/botREPLACE_WITH_BOT_TOKEN/getUpdates?timeout=30&allowed_updates=%5B%22message%22%2C+%22callback_query%22%5D
2026-08-30 08:00:55,352 | ERROR | telegram_gateway_application.utilities.utils_telegram.gateway_inbound | Telegram long polling request failed. Retrying...
Traceback (most recent call last):
  File "/telegram_gateway/telegram_gateway_application/utilities/utils_telegram/gateway_inbound.py", line 104, in poll_updates
  File "/usr/local/lib/python3.12/site-packages/requests/models.py", line 1024, in raise_for_status
    raise HTTPError(http_error_msg, response=self)
requests.exceptions.HTTPError: 404 Client Error: Not Found for url: https://api.telegram.org/botREPLACE_WITH_BOT_TOKEN/getUpdates?timeout=30&allowed_updates=%5B%22message%22%2C+%22callback_query%22%5D
2026-08-30 08:01:01,072 | ERROR | telegram_gateway_application.utilities.utils_telegram.gateway_inbound | Telegram long polling request failed. Retrying...
Traceback (most recent call last):
  File "/telegram_gateway/telegram_gateway_application/utilities/utils_telegram/gateway_inbound.py", line 104, in poll_updates
  File "/usr/local/lib/python3.12/site-packages/requests/models.py", line 1024, in raise_for_status
    raise HTTPError(http_error_msg, response=self)
requests.exceptions.HTTPError: 404 Client Error: Not Found for url: https://api.telegram.org/botREPLACE_WITH_BOT_TOKEN/getUpdates?timeout=30&allowed_updates=%5B%22message%22%2C+%22callback_query%22%5D
2026-08-30 08:01:06,789 | ERROR | telegram_gateway_application.utilities.utils_telegram.gateway_inbound | Telegram long polling request failed. Retrying...
Traceback (most recent call last):
  File "/telegram_gateway/telegram_gateway_application/utilities/utils_telegram/gateway_inbound.py", line 104, in poll_updates
  File "/usr/local/lib/python3.12/site-packages/requests/models.py", line 1024, in raise_for_status
    raise HTTPError(http_error_msg, response=self)
requests.exceptions.HTTPError: 404 Client Error: Not Found for url: https://api.telegram.org/botREPLACE_WITH_BOT_TOKEN/getUpdates?timeout=30&allowed_updates=%5B%22message%22%2C+%22callback_query%22%5D
2026-08-30 08:01:12,516 | ERROR | telegram_gateway_application.utilities.utils_telegram.gateway_inbound | Telegram long polling request failed. Retrying...
Traceback (most recent call last):
  File "/telegram_gateway/telegram_gateway_application/utilities/utils_telegram/gateway_inbound.py", line 104, in poll_updates
  File "/usr/local/lib/python3.12/site-packages/requests/models.py", line 1024, in raise_for_status
    raise HTTPError(http_error_msg, response=self)
requests.exceptions.HTTPError: 404 Client Error: Not Found for url: https://api.telegram.org/botREPLACE_WITH_BOT_TOKEN/getUpdates?timeout=30&allowed_updates=%5B%22message%22%2C+%22callback_query%22%5D
2026-08-30 08:01:18,254 | ERROR | telegram_gateway_application.utilities.utils_telegram.gateway_inbound | Telegram long polling request failed. Retrying...
Traceback (most recent call last):
  File "/telegram_gateway/telegram_gateway_application/utilities/utils_telegram/gateway_inbound.py", line 104, in poll_updates
  File "/usr/local/lib/python3.12/site-packages/requests/models.py", line 1024, in raise_for_status
    raise HTTPError(http_error_msg, response=self)
requests.exceptions.HTTPError: 404 Client Error: Not Found for url: https://api.telegram.org/botREPLACE_WITH_BOT_TOKEN/getUpdates?timeout=30&allowed_updates=%5B%22message%22%2C+%22callback_query%22%5D
2026-08-30 08:01:24,001 | ERROR | telegram_gateway_application.utilities.utils_telegram.gateway_inbound | Telegram long polling request failed. Retrying...
Traceback (most recent call last):
  File "/telegram_gateway/telegram_gateway_application/utilities/utils_telegram/gateway_inbound.py", line 104, in poll_updates
  File "/usr/local/lib/python3.12/site-packages/requests/models.py", line 1024, in raise_for_status
    raise HTTPError(http_error_msg, response=self)
requests.exceptions.HTTPError: 404 Client Error: Not Found for url: https://api.telegram.org/botREPLACE_WITH_BOT_TOKEN/getUpdates?timeout=30&allowed_updates=%5B%22message%22%2C+%22callback_query%22%5D
2026-08-30 08:01:29,713 | ERROR | telegram_gateway_application.utilities.utils_telegram.gateway_inbound | Telegram long polling request failed. Retrying...
Traceback (most recent call last):
  File "/telegram_gateway/telegram_gateway_application/utilities/utils_telegram/gateway_inbound.py", line 104, in poll_updates
  File "/usr/local/lib/python3.12/site-packages/requests/models.py", line 1024, in raise_for_status
    raise HTTPError(http_error_msg, response=self)
requests.exceptions.HTTPError: 404 Client Error: Not Found for url: https://api.telegram.org/botREPLACE_WITH_BOT_TOKEN/getUpdates?timeout=30&allowed_updates=%5B%22message%22%2C+%22callback_query%22%5D
2026-08-30 08:01:35,452 | ERROR | telegram_gateway_application.utilities.utils_telegram.gateway_inbound | Telegram long polling request failed. Retrying...
Traceback (most recent call last):
  File "/telegram_gateway/telegram_gateway_application/utilities/utils_telegram/gateway_inbound.py", line 104, in poll_updates
  File "/usr/local/lib/python3.12/site-packages/requests/models.py", line 1024, in raise_for_status
    raise HTTPError(http_error_msg, response=self)
requests.exceptions.HTTPError: 404 Client Error: Not Found for url: https://api.telegram.org/botREPLACE_WITH_BOT_TOKEN/getUpdates?timeout=30&allowed_updates=%5B%22message%22%2C+%22callback_query%22%5D
2026-08-30 08:01:41,167 | ERROR | telegram_gateway_application.utilities.utils_telegram.gateway_inbound | Telegram long polling request failed. Retrying...
Traceback (most recent call last):
  File "/telegram_gateway/telegram_gateway_application/utilities/utils_telegram/gateway_inbound.py", line 104, in poll_updates
  File "/usr/local/lib/python3.12/site-packages/requests/models.py", line 1024, in raise_for_status
    raise HTTPError(http_error_msg, response=self)
requests.exceptions.HTTPError: 404 Client Error: Not Found for url: https://api.telegram.org/botREPLACE_WITH_BOT_TOKEN/getUpdates?timeout=30&allowed_updates=%5B%22message%22%2C+%22callback_query%22%5D
2026-08-30 08:01:46,896 | ERROR | telegram_gateway_application.utilities.utils_telegram.gateway_inbound | Telegram long polling request failed. Retrying...
Traceback (most recent call last):
  File "/telegram_gateway/telegram_gateway_application/utilities/utils_telegram/gateway_inbound.py", line 104, in poll_updates
  File "/usr/local/lib/python3.12/site-packages/requests/models.py", line 1024, in raise_for_status
    raise HTTPError(http_error_msg, response=self)
requests.exceptions.HTTPError: 404 Client Error: Not Found for url: https://api.telegram.org/botREPLACE_WITH_BOT_TOKEN/getUpdates?timeout=30&allowed_updates=%5B%22message%22%2C+%22callback_query%22%5D
2026-08-30 08:01:52,631 | ERROR | telegram_gateway_application.utilities.utils_telegram.gateway_inbound | Telegram long polling request failed. Retrying...
Traceback (most recent call last):
  File "/telegram_gateway/telegram_gateway_application/utilities/utils_telegram/gateway_inbound.py", line 104, in poll_updates
  File "/usr/local/lib/python3.12/site-packages/requests/models.py", line 1024, in raise_for_status
    raise HTTPError(http_error_msg, response=self)
requests.exceptions.HTTPError: 404 Client Error: Not Found for url: https://api.telegram.org/botREPLACE_WITH_BOT_TOKEN/getUpdates?timeout=30&allowed_updates=%5B%22message%22%2C+%22callback_query%22%5D
2026-08-30 08:01:58,370 | ERROR | telegram_gateway_application.utilities.utils_telegram.gateway_inbound | Telegram long polling request failed. Retrying...
Traceback (most recent call last):
  File "/telegram_gateway/telegram_gateway_application/utilities/utils_telegram/gateway_inbound.py", line 104, in poll_updates
  File "/usr/local/lib/python3.12/site-packages/requests/models.py", line 1024, in raise_for_status
    raise HTTPError(http_error_msg, response=self)
requests.exceptions.HTTPError: 404 Client Error: Not Found for url: https://api.telegram.org/botREPLACE_WITH_BOT_TOKEN/getUpdates?timeout=30&allowed_updates=%5B%22message%22%2C+%22callback_query%22%5D
2026-08-30 08:02:04,097 | ERROR | telegram_gateway_application.utilities.utils_telegram.gateway_inbound | Telegram long polling request failed. Retrying...
Traceback (most recent call last):
  File "/telegram_gateway/telegram_gateway_application/utilities/utils_telegram/gateway_inbound.py", line 104, in poll_updates
  File "/usr/local/lib/python3.12/site-packages/requests/models.py", line 1024, in raise_for_status
    raise HTTPError(http_error_msg, response=self)
requests.exceptions.HTTPError: 404 Client Error: Not Found for url: https://api.telegram.org/botREPLACE_WITH_BOT_TOKEN/getUpdates?timeout=30&allowed_updates=%5B%22message%22%2C+%22callback_query%22%5D
2026-08-30 08:02:09,804 | ERROR | telegram_gateway_application.utilities.utils_telegram.gateway_inbound | Telegram long polling request failed. Retrying...
Traceback (most recent call last):
  File "/telegram_gateway/telegram_gateway_application/utilities/utils_telegram/gateway_inbound.py", line 104, in poll_updates
  File "/usr/local/lib/python3.12/site-packages/requests/models.py", line 1024, in raise_for_status
    raise HTTPError(http_error_msg, response=self)
requests.exceptions.HTTPError: 404 Client Error: Not Found for url: https://api.telegram.org/botREPLACE_WITH_BOT_TOKEN/getUpdates?timeout=30&allowed_updates=%5B%22message%22%2C+%22callback_query%22%5D
2026-08-30 08:02:15,527 | ERROR | telegram_gateway_application.utilities.utils_telegram.gateway_inbound | Telegram long polling request failed. Retrying...
Traceback (most recent call last):
  File "/telegram_gateway/telegram_gateway_application/utilities/utils_telegram/gateway_inbound.py", line 104, in poll_updates
  File "/usr/local/lib/python3.12/site-packages/requests/models.py", line 1024, in raise_for_status
    raise HTTPError(http_error_msg, response=self)
requests.exceptions.HTTPError: 404 Client Error: Not Found for url: https://api.telegram.org/botREPLACE_WITH_BOT_TOKEN/getUpdates?timeout=30&allowed_updates=%5B%22message%22%2C+%22callback_query%22%5D
2026-08-30 08:02:21,254 | ERROR | telegram_gateway_application.utilities.utils_telegram.gateway_inbound | Telegram long polling request failed. Retrying...
Traceback (most recent call last):
  File "/telegram_gateway/telegram_gateway_application/utilities/utils_telegram/gateway_inbound.py", line 104, in poll_updates
  File "/usr/local/lib/python3.12/site-packages/requests/models.py", line 1024, in raise_for_status
    raise HTTPError(http_error_msg, response=self)
requests.exceptions.HTTPError: 404 Client Error: Not Found for url: https://api.telegram.org/botREPLACE_WITH_BOT_TOKEN/getUpdates?timeout=30&allowed_updates=%5B%22message%22%2C+%22callback_query%22%5D
2026-08-30 08:02:26,983 | ERROR | telegram_gateway_application.utilities.utils_telegram.gateway_inbound | Telegram long polling request failed. Retrying...
Traceback (most recent call last):
  File "/telegram_gateway/telegram_gateway_application/utilities/utils_telegram/gateway_inbound.py", line 104, in poll_updates
  File "/usr/local/lib/python3.12/site-packages/requests/models.py", line 1024, in raise_for_status
    raise HTTPError(http_error_msg, response=self)
requests.exceptions.HTTPError: 404 Client Error: Not Found for url: https://api.telegram.org/botREPLACE_WITH_BOT_TOKEN/getUpdates?timeout=30&allowed_updates=%5B%22message%22%2C+%22callback_query%22%5D
2026-08-30 08:02:32,715 | ERROR | telegram_gateway_application.utilities.utils_telegram.gateway_inbound | Telegram long polling request failed. Retrying...
Traceback (most recent call last):
  File "/telegram_gateway/telegram_gateway_application/utilities/utils_telegram/gateway_inbound.py", line 104, in poll_updates
  File "/usr/local/lib/python3.12/site-packages/requests/models.py", line 1024, in raise_for_status
    raise HTTPError(http_error_msg, response=self)
requests.exceptions.HTTPError: 404 Client Error: Not Found for url: https://api.telegram.org/botREPLACE_WITH_BOT_TOKEN/getUpdates?timeout=30&allowed_updates=%5B%22message%22%2C+%22callback_query%22%5D
2026-08-30 08:02:38,445 | ERROR | telegram_gateway_application.utilities.utils_telegram.gateway_inbound | Telegram long polling request failed. Retrying...
Traceback (most recent call last):
  File "/telegram_gateway/telegram_gateway_application/utilities/utils_telegram/gateway_inbound.py", line 104, in poll_updates
  File "/usr/local/lib/python3.12/site-packages/requests/models.py", line 1024, in raise_for_status
    raise HTTPError(http_error_msg, response=self)
requests.exceptions.HTTPError: 404 Client Error: Not Found for url: https://api.telegram.org/botREPLACE_WITH_BOT_TOKEN/getUpdates?timeout=30&allowed_updates=%5B%22message%22%2C+%22callback_query%22%5D
2026-08-30 08:02:44,176 | ERROR | telegram_gateway_application.utilities.utils_telegram.gateway_inbound | Telegram long polling request failed. Retrying...
Traceback (most recent call last):
  File "/telegram_gateway/telegram_gateway_application/utilities/utils_telegram/gateway_inbound.py", line 104, in poll_updates
  File "/usr/local/lib/python3.12/site-packages/requests/models.py", line 1024, in raise_for_status
    raise HTTPError(http_error_msg, response=self)
requests.exceptions.HTTPError: 404 Client Error: Not Found for url: https://api.telegram.org/botREPLACE_WITH_BOT_TOKEN/getUpdates?timeout=30&allowed_updates=%5B%22message%22%2C+%22callback_query%22%5D
2026-08-30 08:02:49,894 | ERROR | telegram_gateway_application.utilities.utils_telegram.gateway_inbound | Telegram long polling request failed. Retrying...
Traceback (most recent call last):
  File "/telegram_gateway/telegram_gateway_application/utilities/utils_telegram/gateway_inbound.py", line 104, in poll_updates
  File "/usr/local/lib/python3.12/site-packages/requests/models.py", line 1024, in raise_for_status
    raise HTTPError(http_error_msg, response=self)
requests.exceptions.HTTPError: 404 Client Error: Not Found for url: https://api.telegram.org/botREPLACE_WITH_BOT_TOKEN/getUpdates?timeout=30&allowed_updates=%5B%22message%22%2C+%22callback_query%22%5D
2026-08-30 08:02:55,613 | ERROR | telegram_gateway_application.utilities.utils_telegram.gateway_inbound | Telegram long polling request failed. Retrying...
Traceback (most recent call last):
  File "/telegram_gateway/telegram_gateway_application/utilities/utils_telegram/gateway_inbound.py", line 104, in poll_updates
  File "/usr/local/lib/python3.12/site-packages/requests/models.py", line 1024, in raise_for_status
    raise HTTPError(http_error_msg, response=self)
requests.exceptions.HTTPError: 404 Client Error: Not Found for url: https://api.telegram.org/botREPLACE_WITH_BOT_TOKEN/getUpdates?timeout=30&allowed_updates=%5B%22message%22%2C+%22callback_query%22%5D
2026-08-30 08:03:01,342 | ERROR | telegram_gateway_application.utilities.utils_telegram.gateway_inbound | Telegram long polling request failed. Retrying...
Traceback (most recent call last):
  File "/telegram_gateway/telegram_gateway_application/utilities/utils_telegram/gateway_inbound.py", line 104, in poll_updates
  File "/usr/local/lib/python3.12/site-packages/requests/models.py", line 1024, in raise_for_status
    raise HTTPError(http_error_msg, response=self)
requests.exceptions.HTTPError: 404 Client Error: Not Found for url: https://api.telegram.org/botREPLACE_WITH_BOT_TOKEN/getUpdates?timeout=30&allowed_updates=%5B%22message%22%2C+%22callback_query%22%5D
2026-08-30 08:03:07,085 | ERROR | telegram_gateway_application.utilities.utils_telegram.gateway_inbound | Telegram long polling request failed. Retrying...
Traceback (most recent call last):
  File "/telegram_gateway/telegram_gateway_application/utilities/utils_telegram/gateway_inbound.py", line 104, in poll_updates
  File "/usr/local/lib/python3.12/site-packages/requests/models.py", line 1024, in raise_for_status
    raise HTTPError(http_error_msg, response=self)
requests.exceptions.HTTPError: 404 Client Error: Not Found for url: https://api.telegram.org/botREPLACE_WITH_BOT_TOKEN/getUpdates?timeout=30&allowed_updates=%5B%22message%22%2C+%22callback_query%22%5D
2026-08-30 08:03:12,826 | ERROR | telegram_gateway_application.utilities.utils_telegram.gateway_inbound | Telegram long polling request failed. Retrying...
Traceback (most recent call last):
  File "/telegram_gateway/telegram_gateway_application/utilities/utils_telegram/gateway_inbound.py", line 104, in poll_updates
  File "/usr/local/lib/python3.12/site-packages/requests/models.py", line 1024, in raise_for_status
    raise HTTPError(http_error_msg, response=self)
requests.exceptions.HTTPError: 404 Client Error: Not Found for url: https://api.telegram.org/botREPLACE_WITH_BOT_TOKEN/getUpdates?timeout=30&allowed_updates=%5B%22message%22%2C+%22callback_query%22%5D
2026-08-30 08:03:18,554 | ERROR | telegram_gateway_application.utilities.utils_telegram.gateway_inbound | Telegram long polling request failed. Retrying...
Traceback (most recent call last):
  File "/telegram_gateway/telegram_gateway_application/utilities/utils_telegram/gateway_inbound.py", line 104, in poll_updates
  File "/usr/local/lib/python3.12/site-packages/requests/models.py", line 1024, in raise_for_status
    raise HTTPError(http_error_msg, response=self)
requests.exceptions.HTTPError: 404 Client Error: Not Found for url: https://api.telegram.org/botREPLACE_WITH_BOT_TOKEN/getUpdates?timeout=30&allowed_updates=%5B%22message%22%2C+%22callback_query%22%5D
2026-08-30 08:03:24,305 | ERROR | telegram_gateway_application.utilities.utils_telegram.gateway_inbound | Telegram long polling request failed. Retrying...
Traceback (most recent call last):
  File "/telegram_gateway/telegram_gateway_application/utilities/utils_telegram/gateway_inbound.py", line 104, in poll_updates
  File "/usr/local/lib/python3.12/site-packages/requests/models.py", line 1024, in raise_for_status
    raise HTTPError(http_error_msg, response=self)
requests.exceptions.HTTPError: 404 Client Error: Not Found for url: https://api.telegram.org/botREPLACE_WITH_BOT_TOKEN/getUpdates?timeout=30&allowed_updates=%5B%22message%22%2C+%22callback_query%22%5D
2026-08-30 08:03:30,033 | ERROR | telegram_gateway_application.utilities.utils_telegram.gateway_inbound | Telegram long polling request failed. Retrying...
Traceback (most recent call last):
  File "/telegram_gateway/telegram_gateway_application/utilities/utils_telegram/gateway_inbound.py", line 104, in poll_updates
  File "/usr/local/lib/python3.12/site-packages/requests/models.py", line 1024, in raise_for_status
    raise HTTPError(http_error_msg, response=self)
requests.exceptions.HTTPError: 404 Client Error: Not Found for url: https://api.telegram.org/botREPLACE_WITH_BOT_TOKEN/getUpdates?timeout=30&allowed_updates=%5B%22message%22%2C+%22callback_query%22%5D
2026-08-30 08:03:35,764 | ERROR | telegram_gateway_application.utilities.utils_telegram.gateway_inbound | Telegram long polling request failed. Retrying...
Traceback (most recent call last):
  File "/telegram_gateway/telegram_gateway_application/utilities/utils_telegram/gateway_inbound.py", line 104, in poll_updates
  File "/usr/local/lib/python3.12/site-packages/requests/models.py", line 1024, in raise_for_status
    raise HTTPError(http_error_msg, response=self)
requests.exceptions.HTTPError: 404 Client Error: Not Found for url: https://api.telegram.org/botREPLACE_WITH_BOT_TOKEN/getUpdates?timeout=30&allowed_updates=%5B%22message%22%2C+%22callback_query%22%5D
2026-08-30 08:03:41,477 | ERROR | telegram_gateway_application.utilities.utils_telegram.gateway_inbound | Telegram long polling request failed. Retrying...
Traceback (most recent call last):
  File "/telegram_gateway/telegram_gateway_application/utilities/utils_telegram/gateway_inbound.py", line 104, in poll_updates
  File "/usr/local/lib/python3.12/site-packages/requests/models.py", line 1024, in raise_for_status
    raise HTTPError(http_error_msg, response=self)
requests.exceptions.HTTPError: 404 Client Error: Not Found for url: https://api.telegram.org/botREPLACE_WITH_BOT_TOKEN/getUpdates?timeout=30&allowed_updates=%5B%22message%22%2C+%22callback_query%22%5D
2026-08-30 08:03:47,189 | ERROR | telegram_gateway_application.utilities.utils_telegram.gateway_inbound | Telegram long polling request failed. Retrying...
Traceback (most recent call last):
  File "/telegram_gateway/telegram_gateway_application/utilities/utils_telegram/gateway_inbound.py", line 104, in poll_updates
  File "/usr/local/lib/python3.12/site-packages/requests/models.py", line 1024, in raise_for_status
    raise HTTPError(http_error_msg, response=self)
requests.exceptions.HTTPError: 404 Client Error: Not Found for url: https://api.telegram.org/botREPLACE_WITH_BOT_TOKEN/getUpdates?timeout=30&allowed_updates=%5B%22message%22%2C+%22callback_query%22%5D
2026-08-30 08:03:52,901 | ERROR | telegram_gateway_application.utilities.utils_telegram.gateway_inbound | Telegram long polling request failed. Retrying...
Traceback (most recent call last):
  File "/telegram_gateway/telegram_gateway_application/utilities/utils_telegram/gateway_inbound.py", line 104, in poll_updates
  File "/usr/local/lib/python3.12/site-packages/requests/models.py", line 1024, in raise_for_status
    raise HTTPError(http_error_msg, response=self)
requests.exceptions.HTTPError: 404 Client Error: Not Found for url: https://api.telegram.org/botREPLACE_WITH_BOT_TOKEN/getUpdates?timeout=30&allowed_updates=%5B%22message%22%2C+%22callback_query%22%5D
2026-08-30 08:03:58,627 | ERROR | telegram_gateway_application.utilities.utils_telegram.gateway_inbound | Telegram long polling request failed. Retrying...
Traceback (most recent call last):
  File "/telegram_gateway/telegram_gateway_application/utilities/utils_telegram/gateway_inbound.py", line 104, in poll_updates
  File "/usr/local/lib/python3.12/site-packages/requests/models.py", line 1024, in raise_for_status
    raise HTTPError(http_error_msg, response=self)
requests.exceptions.HTTPError: 404 Client Error: Not Found for url: https://api.telegram.org/botREPLACE_WITH_BOT_TOKEN/getUpdates?timeout=30&allowed_updates=%5B%22message%22%2C+%22callback_query%22%5D
2026-08-30 08:04:04,333 | ERROR | telegram_gateway_application.utilities.utils_telegram.gateway_inbound | Telegram long polling request failed. Retrying...
Traceback (most recent call last):
  File "/telegram_gateway/telegram_gateway_application/utilities/utils_telegram/gateway_inbound.py", line 104, in poll_updates
  File "/usr/local/lib/python3.12/site-packages/requests/models.py", line 1024, in raise_for_status
    raise HTTPError(http_error_msg, response=self)
requests.exceptions.HTTPError: 404 Client Error: Not Found for url: https://api.telegram.org/botREPLACE_WITH_BOT_TOKEN/getUpdates?timeout=30&allowed_updates=%5B%22message%22%2C+%22callback_query%22%5D
2026-08-30 08:04:10,048 | ERROR | telegram_gateway_application.utilities.utils_telegram.gateway_inbound | Telegram long polling request failed. Retrying...
Traceback (most recent call last):
  File "/telegram_gateway/telegram_gateway_application/utilities/utils_telegram/gateway_inbound.py", line 104, in poll_updates
  File "/usr/local/lib/python3.12/site-packages/requests/models.py", line 1024, in raise_for_status
    raise HTTPError(http_error_msg, response=self)
requests.exceptions.HTTPError: 404 Client Error: Not Found for url: https://api.telegram.org/botREPLACE_WITH_BOT_TOKEN/getUpdates?timeout=30&allowed_updates=%5B%22message%22%2C+%22callback_query%22%5D
2026-08-30 08:04:15,777 | ERROR | telegram_gateway_application.utilities.utils_telegram.gateway_inbound | Telegram long polling request failed. Retrying...
Traceback (most recent call last):
  File "/telegram_gateway/telegram_gateway_application/utilities/utils_telegram/gateway_inbound.py", line 104, in poll_updates
  File "/usr/local/lib/python3.12/site-packages/requests/models.py", line 1024, in raise_for_status
    raise HTTPError(http_error_msg, response=self)
requests.exceptions.HTTPError: 404 Client Error: Not Found for url: https://api.telegram.org/botREPLACE_WITH_BOT_TOKEN/getUpdates?timeout=30&allowed_updates=%5B%22message%22%2C+%22callback_query%22%5D
2026-08-30 08:04:21,505 | ERROR | telegram_gateway_application.utilities.utils_telegram.gateway_inbound | Telegram long polling request failed. Retrying...
Traceback (most recent call last):
  File "/telegram_gateway/telegram_gateway_application/utilities/utils_telegram/gateway_inbound.py", line 104, in poll_updates
  File "/usr/local/lib/python3.12/site-packages/requests/models.py", line 1024, in raise_for_status
    raise HTTPError(http_error_msg, response=self)
requests.exceptions.HTTPError: 404 Client Error: Not Found for url: https://api.telegram.org/botREPLACE_WITH_BOT_TOKEN/getUpdates?timeout=30&allowed_updates=%5B%22message%22%2C+%22callback_query%22%5D
2026-08-30 08:04:27,228 | ERROR | telegram_gateway_application.utilities.utils_telegram.gateway_inbound | Telegram long polling request failed. Retrying...
Traceback (most recent call last):
  File "/telegram_gateway/telegram_gateway_application/utilities/utils_telegram/gateway_inbound.py", line 104, in poll_updates
  File "/usr/local/lib/python3.12/site-packages/requests/models.py", line 1024, in raise_for_status
    raise HTTPError(http_error_msg, response=self)
requests.exceptions.HTTPError: 404 Client Error: Not Found for url: https://api.telegram.org/botREPLACE_WITH_BOT_TOKEN/getUpdates?timeout=30&allowed_updates=%5B%22message%22%2C+%22callback_query%22%5D
2026-08-30 08:04:32,955 | ERROR | telegram_gateway_application.utilities.utils_telegram.gateway_inbound | Telegram long polling request failed. Retrying...
Traceback (most recent call last):
  File "/telegram_gateway/telegram_gateway_application/utilities/utils_telegram/gateway_inbound.py", line 104, in poll_updates
  File "/usr/local/lib/python3.12/site-packages/requests/models.py", line 1024, in raise_for_status
    raise HTTPError(http_error_msg, response=self)
requests.exceptions.HTTPError: 404 Client Error: Not Found for url: https://api.telegram.org/botREPLACE_WITH_BOT_TOKEN/getUpdates?timeout=30&allowed_updates=%5B%22message%22%2C+%22callback_query%22%5D
2026-08-30 08:04:38,671 | ERROR | telegram_gateway_application.utilities.utils_telegram.gateway_inbound | Telegram long polling request failed. Retrying...
Traceback (most recent call last):
  File "/telegram_gateway/telegram_gateway_application/utilities/utils_telegram/gateway_inbound.py", line 104, in poll_updates
  File "/usr/local/lib/python3.12/site-packages/requests/models.py", line 1024, in raise_for_status
    raise HTTPError(http_error_msg, response=self)
requests.exceptions.HTTPError: 404 Client Error: Not Found for url: https://api.telegram.org/botREPLACE_WITH_BOT_TOKEN/getUpdates?timeout=30&allowed_updates=%5B%22message%22%2C+%22callback_query%22%5D
2026-08-30 08:04:44,395 | ERROR | telegram_gateway_application.utilities.utils_telegram.gateway_inbound | Telegram long polling request failed. Retrying...
Traceback (most recent call last):
  File "/telegram_gateway/telegram_gateway_application/utilities/utils_telegram/gateway_inbound.py", line 104, in poll_updates
  File "/usr/local/lib/python3.12/site-packages/requests/models.py", line 1024, in raise_for_status
    raise HTTPError(http_error_msg, response=self)
requests.exceptions.HTTPError: 404 Client Error: Not Found for url: https://api.telegram.org/botREPLACE_WITH_BOT_TOKEN/getUpdates?timeout=30&allowed_updates=%5B%22message%22%2C+%22callback_query%22%5D
2026-08-30 08:04:50,140 | ERROR | telegram_gateway_application.utilities.utils_telegram.gateway_inbound | Telegram long polling request failed. Retrying...
Traceback (most recent call last):
  File "/telegram_gateway/telegram_gateway_application/utilities/utils_telegram/gateway_inbound.py", line 104, in poll_updates
  File "/usr/local/lib/python3.12/site-packages/requests/models.py", line 1024, in raise_for_status
    raise HTTPError(http_error_msg, response=self)
requests.exceptions.HTTPError: 404 Client Error: Not Found for url: https://api.telegram.org/botREPLACE_WITH_BOT_TOKEN/getUpdates?timeout=30&allowed_updates=%5B%22message%22%2C+%22callback_query%22%5D
2026-08-30 08:04:55,865 | ERROR | telegram_gateway_application.utilities.utils_telegram.gateway_inbound | Telegram long polling request failed. Retrying...
Traceback (most recent call last):
  File "/telegram_gateway/telegram_gateway_application/utilities/utils_telegram/gateway_inbound.py", line 104, in poll_updates
  File "/usr/local/lib/python3.12/site-packages/requests/models.py", line 1024, in raise_for_status
    raise HTTPError(http_error_msg, response=self)
requests.exceptions.HTTPError: 404 Client Error: Not Found for url: https://api.telegram.org/botREPLACE_WITH_BOT_TOKEN/getUpdates?timeout=30&allowed_updates=%5B%22message%22%2C+%22callback_query%22%5D
2026-08-30 08:05:01,586 | ERROR | telegram_gateway_application.utilities.utils_telegram.gateway_inbound | Telegram long polling request failed. Retrying...
Traceback (most recent call last):
  File "/telegram_gateway/telegram_gateway_application/utilities/utils_telegram/gateway_inbound.py", line 104, in poll_updates
  File "/usr/local/lib/python3.12/site-packages/requests/models.py", line 1024, in raise_for_status
    raise HTTPError(http_error_msg, response=self)
requests.exceptions.HTTPError: 404 Client Error: Not Found for url: https://api.telegram.org/botREPLACE_WITH_BOT_TOKEN/getUpdates?timeout=30&allowed_updates=%5B%22message%22%2C+%22callback_query%22%5D
2026-08-30 08:05:07,336 | ERROR | telegram_gateway_application.utilities.utils_telegram.gateway_inbound | Telegram long polling request failed. Retrying...
Traceback (most recent call last):
  File "/telegram_gateway/telegram_gateway_application/utilities/utils_telegram/gateway_inbound.py", line 104, in poll_updates
  File "/usr/local/lib/python3.12/site-packages/requests/models.py", line 1024, in raise_for_status
    raise HTTPError(http_error_msg, response=self)
requests.exceptions.HTTPError: 404 Client Error: Not Found for url: https://api.telegram.org/botREPLACE_WITH_BOT_TOKEN/getUpdates?timeout=30&allowed_updates=%5B%22message%22%2C+%22callback_query%22%5D
2026-08-30 08:05:13,051 | ERROR | telegram_gateway_application.utilities.utils_telegram.gateway_inbound | Telegram long polling request failed. Retrying...
Traceback (most recent call last):
  File "/telegram_gateway/telegram_gateway_application/utilities/utils_telegram/gateway_inbound.py", line 104, in poll_updates
  File "/usr/local/lib/python3.12/site-packages/requests/models.py", line 1024, in raise_for_status
    raise HTTPError(http_error_msg, response=self)
requests.exceptions.HTTPError: 404 Client Error: Not Found for url: https://api.telegram.org/botREPLACE_WITH_BOT_TOKEN/getUpdates?timeout=30&allowed_updates=%5B%22message%22%2C+%22callback_query%22%5D
2026-08-30 08:05:18,776 | ERROR | telegram_gateway_application.utilities.utils_telegram.gateway_inbound | Telegram long polling request failed. Retrying...
Traceback (most recent call last):
  File "/telegram_gateway/telegram_gateway_application/utilities/utils_telegram/gateway_inbound.py", line 104, in poll_updates
  File "/usr/local/lib/python3.12/site-packages/requests/models.py", line 1024, in raise_for_status
    raise HTTPError(http_error_msg, response=self)
requests.exceptions.HTTPError: 404 Client Error: Not Found for url: https://api.telegram.org/botREPLACE_WITH_BOT_TOKEN/getUpdates?timeout=30&allowed_updates=%5B%22message%22%2C+%22callback_query%22%5D
2026-08-30 08:05:24,506 | ERROR | telegram_gateway_application.utilities.utils_telegram.gateway_inbound | Telegram long polling request failed. Retrying...
Traceback (most recent call last):
  File "/telegram_gateway/telegram_gateway_application/utilities/utils_telegram/gateway_inbound.py", line 104, in poll_updates
  File "/usr/local/lib/python3.12/site-packages/requests/models.py", line 1024, in raise_for_status
    raise HTTPError(http_error_msg, response=self)
requests.exceptions.HTTPError: 404 Client Error: Not Found for url: https://api.telegram.org/botREPLACE_WITH_BOT_TOKEN/getUpdates?timeout=30&allowed_updates=%5B%22message%22%2C+%22callback_query%22%5D
2026-08-30 08:05:30,229 | ERROR | telegram_gateway_application.utilities.utils_telegram.gateway_inbound | Telegram long polling request failed. Retrying...
Traceback (most recent call last):
  File "/telegram_gateway/telegram_gateway_application/utilities/utils_telegram/gateway_inbound.py", line 104, in poll_updates
  File "/usr/local/lib/python3.12/site-packages/requests/models.py", line 1024, in raise_for_status
    raise HTTPError(http_error_msg, response=self)
requests.exceptions.HTTPError: 404 Client Error: Not Found for url: https://api.telegram.org/botREPLACE_WITH_BOT_TOKEN/getUpdates?timeout=30&allowed_updates=%5B%22message%22%2C+%22callback_query%22%5D
2026-08-30 08:05:35,954 | ERROR | telegram_gateway_application.utilities.utils_telegram.gateway_inbound | Telegram long polling request failed. Retrying...
Traceback (most recent call last):
  File "/telegram_gateway/telegram_gateway_application/utilities/utils_telegram/gateway_inbound.py", line 104, in poll_updates
  File "/usr/local/lib/python3.12/site-packages/requests/models.py", line 1024, in raise_for_status
    raise HTTPError(http_error_msg, response=self)
requests.exceptions.HTTPError: 404 Client Error: Not Found for url: https://api.telegram.org/botREPLACE_WITH_BOT_TOKEN/getUpdates?timeout=30&allowed_updates=%5B%22message%22%2C+%22callback_query%22%5D
2026-08-30 08:05:41,693 | ERROR | telegram_gateway_application.utilities.utils_telegram.gateway_inbound | Telegram long polling request failed. Retrying...
Traceback (most recent call last):
  File "/telegram_gateway/telegram_gateway_application/utilities/utils_telegram/gateway_inbound.py", line 104, in poll_updates
  File "/usr/local/lib/python3.12/site-packages/requests/models.py", line 1024, in raise_for_status
    raise HTTPError(http_error_msg, response=self)
requests.exceptions.HTTPError: 404 Client Error: Not Found for url: https://api.telegram.org/botREPLACE_WITH_BOT_TOKEN/getUpdates?timeout=30&allowed_updates=%5B%22message%22%2C+%22callback_query%22%5D
2026-08-30 08:05:47,417 | ERROR | telegram_gateway_application.utilities.utils_telegram.gateway_inbound | Telegram long polling request failed. Retrying...
Traceback (most recent call last):
  File "/telegram_gateway/telegram_gateway_application/utilities/utils_telegram/gateway_inbound.py", line 104, in poll_updates
  File "/usr/local/lib/python3.12/site-packages/requests/models.py", line 1024, in raise_for_status
    raise HTTPError(http_error_msg, response=self)
requests.exceptions.HTTPError: 404 Client Error: Not Found for url: https://api.telegram.org/botREPLACE_WITH_BOT_TOKEN/getUpdates?timeout=30&allowed_updates=%5B%22message%22%2C+%22callback_query%22%5D
2026-08-30 08:05:53,131 | ERROR | telegram_gateway_application.utilities.utils_telegram.gateway_inbound | Telegram long polling request failed. Retrying...
Traceback (most recent call last):
  File "/telegram_gateway/telegram_gateway_application/utilities/utils_telegram/gateway_inbound.py", line 104, in poll_updates
  File "/usr/local/lib/python3.12/site-packages/requests/models.py", line 1024, in raise_for_status
    raise HTTPError(http_error_msg, response=self)
requests.exceptions.HTTPError: 404 Client Error: Not Found for url: https://api.telegram.org/botREPLACE_WITH_BOT_TOKEN/getUpdates?timeout=30&allowed_updates=%5B%22message%22%2C+%22callback_query%22%5D
2026-08-30 08:05:58,874 | ERROR | telegram_gateway_application.utilities.utils_telegram.gateway_inbound | Telegram long polling request failed. Retrying...
Traceback (most recent call last):
  File "/telegram_gateway/telegram_gateway_application/utilities/utils_telegram/gateway_inbound.py", line 104, in poll_updates
  File "/usr/local/lib/python3.12/site-packages/requests/models.py", line 1024, in raise_for_status
    raise HTTPError(http_error_msg, response=self)
requests.exceptions.HTTPError: 404 Client Error: Not Found for url: https://api.telegram.org/botREPLACE_WITH_BOT_TOKEN/getUpdates?timeout=30&allowed_updates=%5B%22message%22%2C+%22callback_query%22%5D
2026-08-30 08:06:04,586 | ERROR | telegram_gateway_application.utilities.utils_telegram.gateway_inbound | Telegram long polling request failed. Retrying...
Traceback (most recent call last):
  File "/telegram_gateway/telegram_gateway_application/utilities/utils_telegram/gateway_inbound.py", line 104, in poll_updates
  File "/usr/local/lib/python3.12/site-packages/requests/models.py", line 1024, in raise_for_status
    raise HTTPError(http_error_msg, response=self)
requests.exceptions.HTTPError: 404 Client Error: Not Found for url: https://api.telegram.org/botREPLACE_WITH_BOT_TOKEN/getUpdates?timeout=30&allowed_updates=%5B%22message%22%2C+%22callback_query%22%5D
2026-08-30 08:06:11,326 | ERROR | telegram_gateway_application.utilities.utils_telegram.gateway_inbound | Telegram long polling request failed. Retrying...
Traceback (most recent call last):
  File "/telegram_gateway/telegram_gateway_application/utilities/utils_telegram/gateway_inbound.py", line 104, in poll_updates
  File "/usr/local/lib/python3.12/site-packages/requests/models.py", line 1024, in raise_for_status
    raise HTTPError(http_error_msg, response=self)
requests.exceptions.HTTPError: 404 Client Error: Not Found for url: https://api.telegram.org/botREPLACE_WITH_BOT_TOKEN/getUpdates?timeout=30&allowed_updates=%5B%22message%22%2C+%22callback_query%22%5D
2026-08-30 08:06:17,035 | ERROR | telegram_gateway_application.utilities.utils_telegram.gateway_inbound | Telegram long polling request failed. Retrying...
Traceback (most recent call last):
  File "/telegram_gateway/telegram_gateway_application/utilities/utils_telegram/gateway_inbound.py", line 104, in poll_updates
  File "/usr/local/lib/python3.12/site-packages/requests/models.py", line 1024, in raise_for_status
    raise HTTPError(http_error_msg, response=self)
requests.exceptions.HTTPError: 404 Client Error: Not Found for url: https://api.telegram.org/botREPLACE_WITH_BOT_TOKEN/getUpdates?timeout=30&allowed_updates=%5B%22message%22%2C+%22callback_query%22%5D
2026-08-30 08:06:22,761 | ERROR | telegram_gateway_application.utilities.utils_telegram.gateway_inbound | Telegram long polling request failed. Retrying...
Traceback (most recent call last):
  File "/telegram_gateway/telegram_gateway_application/utilities/utils_telegram/gateway_inbound.py", line 104, in poll_updates
  File "/usr/local/lib/python3.12/site-packages/requests/models.py", line 1024, in raise_for_status
    raise HTTPError(http_error_msg, response=self)
requests.exceptions.HTTPError: 404 Client Error: Not Found for url: https://api.telegram.org/botREPLACE_WITH_BOT_TOKEN/getUpdates?timeout=30&allowed_updates=%5B%22message%22%2C+%22callback_query%22%5D
2026-08-30 08:06:28,474 | ERROR | telegram_gateway_application.utilities.utils_telegram.gateway_inbound | Telegram long polling request failed. Retrying...
Traceback (most recent call last):
  File "/telegram_gateway/telegram_gateway_application/utilities/utils_telegram/gateway_inbound.py", line 104, in poll_updates
  File "/usr/local/lib/python3.12/site-packages/requests/models.py", line 1024, in raise_for_status
    raise HTTPError(http_error_msg, response=self)
requests.exceptions.HTTPError: 404 Client Error: Not Found for url: https://api.telegram.org/botREPLACE_WITH_BOT_TOKEN/getUpdates?timeout=30&allowed_updates=%5B%22message%22%2C+%22callback_query%22%5D
2026-08-30 08:06:34,194 | ERROR | telegram_gateway_application.utilities.utils_telegram.gateway_inbound | Telegram long polling request failed. Retrying...
Traceback (most recent call last):
  File "/telegram_gateway/telegram_gateway_application/utilities/utils_telegram/gateway_inbound.py", line 104, in poll_updates
  File "/usr/local/lib/python3.12/site-packages/requests/models.py", line 1024, in raise_for_status
    raise HTTPError(http_error_msg, response=self)
requests.exceptions.HTTPError: 404 Client Error: Not Found for url: https://api.telegram.org/botREPLACE_WITH_BOT_TOKEN/getUpdates?timeout=30&allowed_updates=%5B%22message%22%2C+%22callback_query%22%5D
2026-08-30 08:06:39,914 | ERROR | telegram_gateway_application.utilities.utils_telegram.gateway_inbound | Telegram long polling request failed. Retrying...
Traceback (most recent call last):
  File "/telegram_gateway/telegram_gateway_application/utilities/utils_telegram/gateway_inbound.py", line 104, in poll_updates
  File "/usr/local/lib/python3.12/site-packages/requests/models.py", line 1024, in raise_for_status
    raise HTTPError(http_error_msg, response=self)
requests.exceptions.HTTPError: 404 Client Error: Not Found for url: https://api.telegram.org/botREPLACE_WITH_BOT_TOKEN/getUpdates?timeout=30&allowed_updates=%5B%22message%22%2C+%22callback_query%22%5D
2026-08-30 08:06:45,644 | ERROR | telegram_gateway_application.utilities.utils_telegram.gateway_inbound | Telegram long polling request failed. Retrying...
Traceback (most recent call last):
  File "/telegram_gateway/telegram_gateway_application/utilities/utils_telegram/gateway_inbound.py", line 104, in poll_updates
  File "/usr/local/lib/python3.12/site-packages/requests/models.py", line 1024, in raise_for_status
    raise HTTPError(http_error_msg, response=self)
requests.exceptions.HTTPError: 404 Client Error: Not Found for url: https://api.telegram.org/botREPLACE_WITH_BOT_TOKEN/getUpdates?timeout=30&allowed_updates=%5B%22message%22%2C+%22callback_query%22%5D
2026-08-30 08:06:51,381 | ERROR | telegram_gateway_application.utilities.utils_telegram.gateway_inbound | Telegram long polling request failed. Retrying...
Traceback (most recent call last):
  File "/telegram_gateway/telegram_gateway_application/utilities/utils_telegram/gateway_inbound.py", line 104, in poll_updates
  File "/usr/local/lib/python3.12/site-packages/requests/models.py", line 1024, in raise_for_status
    raise HTTPError(http_error_msg, response=self)
requests.exceptions.HTTPError: 404 Client Error: Not Found for url: https://api.telegram.org/botREPLACE_WITH_BOT_TOKEN/getUpdates?timeout=30&allowed_updates=%5B%22message%22%2C+%22callback_query%22%5D
2026-08-30 08:06:57,116 | ERROR | telegram_gateway_application.utilities.utils_telegram.gateway_inbound | Telegram long polling request failed. Retrying...
Traceback (most recent call last):
  File "/telegram_gateway/telegram_gateway_application/utilities/utils_telegram/gateway_inbound.py", line 104, in poll_updates
  File "/usr/local/lib/python3.12/site-packages/requests/models.py", line 1024, in raise_for_status
    raise HTTPError(http_error_msg, response=self)
requests.exceptions.HTTPError: 404 Client Error: Not Found for url: https://api.telegram.org/botREPLACE_WITH_BOT_TOKEN/getUpdates?timeout=30&allowed_updates=%5B%22message%22%2C+%22callback_query%22%5D
2026-08-30 08:07:02,844 | ERROR | telegram_gateway_application.utilities.utils_telegram.gateway_inbound | Telegram long polling request failed. Retrying...
Traceback (most recent call last):
  File "/telegram_gateway/telegram_gateway_application/utilities/utils_telegram/gateway_inbound.py", line 104, in poll_updates
  File "/usr/local/lib/python3.12/site-packages/requests/models.py", line 1024, in raise_for_status
    raise HTTPError(http_error_msg, response=self)
requests.exceptions.HTTPError: 404 Client Error: Not Found for url: https://api.telegram.org/botREPLACE_WITH_BOT_TOKEN/getUpdates?timeout=30&allowed_updates=%5B%22message%22%2C+%22callback_query%22%5D
2026-08-30 08:07:08,561 | ERROR | telegram_gateway_application.utilities.utils_telegram.gateway_inbound | Telegram long polling request failed. Retrying...
Traceback (most recent call last):
  File "/telegram_gateway/telegram_gateway_application/utilities/utils_telegram/gateway_inbound.py", line 104, in poll_updates
  File "/usr/local/lib/python3.12/site-packages/requests/models.py", line 1024, in raise_for_status
    raise HTTPError(http_error_msg, response=self)
requests.exceptions.HTTPError: 404 Client Error: Not Found for url: https://api.telegram.org/botREPLACE_WITH_BOT_TOKEN/getUpdates?timeout=30&allowed_updates=%5B%22message%22%2C+%22callback_query%22%5D
2026-08-30 08:07:14,365 | ERROR | telegram_gateway_application.utilities.utils_telegram.gateway_inbound | Telegram long polling request failed. Retrying...
Traceback (most recent call last):
  File "/telegram_gateway/telegram_gateway_application/utilities/utils_telegram/gateway_inbound.py", line 104, in poll_updates
  File "/usr/local/lib/python3.12/site-packages/requests/models.py", line 1024, in raise_for_status
    raise HTTPError(http_error_msg, response=self)
requests.exceptions.HTTPError: 404 Client Error: Not Found for url: https://api.telegram.org/botREPLACE_WITH_BOT_TOKEN/getUpdates?timeout=30&allowed_updates=%5B%22message%22%2C+%22callback_query%22%5D
2026-08-30 08:07:20,082 | ERROR | telegram_gateway_application.utilities.utils_telegram.gateway_inbound | Telegram long polling request failed. Retrying...
Traceback (most recent call last):
  File "/telegram_gateway/telegram_gateway_application/utilities/utils_telegram/gateway_inbound.py", line 104, in poll_updates
  File "/usr/local/lib/python3.12/site-packages/requests/models.py", line 1024, in raise_for_status
    raise HTTPError(http_error_msg, response=self)
requests.exceptions.HTTPError: 404 Client Error: Not Found for url: https://api.telegram.org/botREPLACE_WITH_BOT_TOKEN/getUpdates?timeout=30&allowed_updates=%5B%22message%22%2C+%22callback_query%22%5D
2026-08-30 08:07:25,793 | ERROR | telegram_gateway_application.utilities.utils_telegram.gateway_inbound | Telegram long polling request failed. Retrying...
Traceback (most recent call last):
  File "/telegram_gateway/telegram_gateway_application/utilities/utils_telegram/gateway_inbound.py", line 104, in poll_updates
  File "/usr/local/lib/python3.12/site-packages/requests/models.py", line 1024, in raise_for_status
    raise HTTPError(http_error_msg, response=self)
requests.exceptions.HTTPError: 404 Client Error: Not Found for url: https://api.telegram.org/botREPLACE_WITH_BOT_TOKEN/getUpdates?timeout=30&allowed_updates=%5B%22message%22%2C+%22callback_query%22%5D
2026-08-30 08:07:31,520 | ERROR | telegram_gateway_application.utilities.utils_telegram.gateway_inbound | Telegram long polling request failed. Retrying...
Traceback (most recent call last):
  File "/telegram_gateway/telegram_gateway_application/utilities/utils_telegram/gateway_inbound.py", line 104, in poll_updates
  File "/usr/local/lib/python3.12/site-packages/requests/models.py", line 1024, in raise_for_status
    raise HTTPError(http_error_msg, response=self)
requests.exceptions.HTTPError: 404 Client Error: Not Found for url: https://api.telegram.org/botREPLACE_WITH_BOT_TOKEN/getUpdates?timeout=30&allowed_updates=%5B%22message%22%2C+%22callback_query%22%5D
2026-08-30 08:07:37,252 | ERROR | telegram_gateway_application.utilities.utils_telegram.gateway_inbound | Telegram long polling request failed. Retrying...
Traceback (most recent call last):
  File "/telegram_gateway/telegram_gateway_application/utilities/utils_telegram/gateway_inbound.py", line 104, in poll_updates
  File "/usr/local/lib/python3.12/site-packages/requests/models.py", line 1024, in raise_for_status
    raise HTTPError(http_error_msg, response=self)
requests.exceptions.HTTPError: 404 Client Error: Not Found for url: https://api.telegram.org/botREPLACE_WITH_BOT_TOKEN/getUpdates?timeout=30&allowed_updates=%5B%22message%22%2C+%22callback_query%22%5D
2026-08-30 08:07:42,970 | ERROR | telegram_gateway_application.utilities.utils_telegram.gateway_inbound | Telegram long polling request failed. Retrying...
Traceback (most recent call last):
  File "/telegram_gateway/telegram_gateway_application/utilities/utils_telegram/gateway_inbound.py", line 104, in poll_updates
  File "/usr/local/lib/python3.12/site-packages/requests/models.py", line 1024, in raise_for_status
    raise HTTPError(http_error_msg, response=self)
requests.exceptions.HTTPError: 404 Client Error: Not Found for url: https://api.telegram.org/botREPLACE_WITH_BOT_TOKEN/getUpdates?timeout=30&allowed_updates=%5B%22message%22%2C+%22callback_query%22%5D
2026-08-30 08:07:48,682 | ERROR | telegram_gateway_application.utilities.utils_telegram.gateway_inbound | Telegram long polling request failed. Retrying...
Traceback (most recent call last):
  File "/telegram_gateway/telegram_gateway_application/utilities/utils_telegram/gateway_inbound.py", line 104, in poll_updates
  File "/usr/local/lib/python3.12/site-packages/requests/models.py", line 1024, in raise_for_status
    raise HTTPError(http_error_msg, response=self)
requests.exceptions.HTTPError: 404 Client Error: Not Found for url: https://api.telegram.org/botREPLACE_WITH_BOT_TOKEN/getUpdates?timeout=30&allowed_updates=%5B%22message%22%2C+%22callback_query%22%5D
2026-08-30 08:07:54,437 | ERROR | telegram_gateway_application.utilities.utils_telegram.gateway_inbound | Telegram long polling request failed. Retrying...
Traceback (most recent call last):
  File "/telegram_gateway/telegram_gateway_application/utilities/utils_telegram/gateway_inbound.py", line 104, in poll_updates
  File "/usr/local/lib/python3.12/site-packages/requests/models.py", line 1024, in raise_for_status
    raise HTTPError(http_error_msg, response=self)
requests.exceptions.HTTPError: 404 Client Error: Not Found for url: https://api.telegram.org/botREPLACE_WITH_BOT_TOKEN/getUpdates?timeout=30&allowed_updates=%5B%22message%22%2C+%22callback_query%22%5D
2026-08-30 08:08:00,152 | ERROR | telegram_gateway_application.utilities.utils_telegram.gateway_inbound | Telegram long polling request failed. Retrying...
Traceback (most recent call last):
  File "/telegram_gateway/telegram_gateway_application/utilities/utils_telegram/gateway_inbound.py", line 104, in poll_updates
  File "/usr/local/lib/python3.12/site-packages/requests/models.py", line 1024, in raise_for_status
    raise HTTPError(http_error_msg, response=self)
requests.exceptions.HTTPError: 404 Client Error: Not Found for url: https://api.telegram.org/botREPLACE_WITH_BOT_TOKEN/getUpdates?timeout=30&allowed_updates=%5B%22message%22%2C+%22callback_query%22%5D
2026-08-30 08:08:05,879 | ERROR | telegram_gateway_application.utilities.utils_telegram.gateway_inbound | Telegram long polling request failed. Retrying...
Traceback (most recent call last):
  File "/telegram_gateway/telegram_gateway_application/utilities/utils_telegram/gateway_inbound.py", line 104, in poll_updates
  File "/usr/local/lib/python3.12/site-packages/requests/models.py", line 1024, in raise_for_status
    raise HTTPError(http_error_msg, response=self)
requests.exceptions.HTTPError: 404 Client Error: Not Found for url: https://api.telegram.org/botREPLACE_WITH_BOT_TOKEN/getUpdates?timeout=30&allowed_updates=%5B%22message%22%2C+%22callback_query%22%5D
2026-08-30 08:08:11,594 | ERROR | telegram_gateway_application.utilities.utils_telegram.gateway_inbound | Telegram long polling request failed. Retrying...
Traceback (most recent call last):
  File "/telegram_gateway/telegram_gateway_application/utilities/utils_telegram/gateway_inbound.py", line 104, in poll_updates
  File "/usr/local/lib/python3.12/site-packages/requests/models.py", line 1024, in raise_for_status
    raise HTTPError(http_error_msg, response=self)
requests.exceptions.HTTPError: 404 Client Error: Not Found for url: https://api.telegram.org/botREPLACE_WITH_BOT_TOKEN/getUpdates?timeout=30&allowed_updates=%5B%22message%22%2C+%22callback_query%22%5D
2026-08-30 08:08:17,346 | ERROR | telegram_gateway_application.utilities.utils_telegram.gateway_inbound | Telegram long polling request failed. Retrying...
Traceback (most recent call last):
  File "/telegram_gateway/telegram_gateway_application/utilities/utils_telegram/gateway_inbound.py", line 104, in poll_updates
  File "/usr/local/lib/python3.12/site-packages/requests/models.py", line 1024, in raise_for_status
    raise HTTPError(http_error_msg, response=self)
requests.exceptions.HTTPError: 404 Client Error: Not Found for url: https://api.telegram.org/botREPLACE_WITH_BOT_TOKEN/getUpdates?timeout=30&allowed_updates=%5B%22message%22%2C+%22callback_query%22%5D
2026-08-30 08:08:23,053 | ERROR | telegram_gateway_application.utilities.utils_telegram.gateway_inbound | Telegram long polling request failed. Retrying...
Traceback (most recent call last):
  File "/telegram_gateway/telegram_gateway_application/utilities/utils_telegram/gateway_inbound.py", line 104, in poll_updates
  File "/usr/local/lib/python3.12/site-packages/requests/models.py", line 1024, in raise_for_status
    raise HTTPError(http_error_msg, response=self)
requests.exceptions.HTTPError: 404 Client Error: Not Found for url: https://api.telegram.org/botREPLACE_WITH_BOT_TOKEN/getUpdates?timeout=30&allowed_updates=%5B%22message%22%2C+%22callback_query%22%5D
2026-08-30 08:08:28,768 | ERROR | telegram_gateway_application.utilities.utils_telegram.gateway_inbound | Telegram long polling request failed. Retrying...
Traceback (most recent call last):
  File "/telegram_gateway/telegram_gateway_application/utilities/utils_telegram/gateway_inbound.py", line 104, in poll_updates
  File "/usr/local/lib/python3.12/site-packages/requests/models.py", line 1024, in raise_for_status
    raise HTTPError(http_error_msg, response=self)
requests.exceptions.HTTPError: 404 Client Error: Not Found for url: https://api.telegram.org/botREPLACE_WITH_BOT_TOKEN/getUpdates?timeout=30&allowed_updates=%5B%22message%22%2C+%22callback_query%22%5D
2026-08-30 08:08:34,509 | ERROR | telegram_gateway_application.utilities.utils_telegram.gateway_inbound | Telegram long polling request failed. Retrying...
Traceback (most recent call last):
  File "/telegram_gateway/telegram_gateway_application/utilities/utils_telegram/gateway_inbound.py", line 104, in poll_updates
  File "/usr/local/lib/python3.12/site-packages/requests/models.py", line 1024, in raise_for_status
    raise HTTPError(http_error_msg, response=self)
requests.exceptions.HTTPError: 404 Client Error: Not Found for url: https://api.telegram.org/botREPLACE_WITH_BOT_TOKEN/getUpdates?timeout=30&allowed_updates=%5B%22message%22%2C+%22callback_query%22%5D
2026-08-30 08:08:40,228 | ERROR | telegram_gateway_application.utilities.utils_telegram.gateway_inbound | Telegram long polling request failed. Retrying...
Traceback (most recent call last):
  File "/telegram_gateway/telegram_gateway_application/utilities/utils_telegram/gateway_inbound.py", line 104, in poll_updates
  File "/usr/local/lib/python3.12/site-packages/requests/models.py", line 1024, in raise_for_status
    raise HTTPError(http_error_msg, response=self)
requests.exceptions.HTTPError: 404 Client Error: Not Found for url: https://api.telegram.org/botREPLACE_WITH_BOT_TOKEN/getUpdates?timeout=30&allowed_updates=%5B%22message%22%2C+%22callback_query%22%5D
2026-08-30 08:08:45,949 | ERROR | telegram_gateway_application.utilities.utils_telegram.gateway_inbound | Telegram long polling request failed. Retrying...
Traceback (most recent call last):
  File "/telegram_gateway/telegram_gateway_application/utilities/utils_telegram/gateway_inbound.py", line 104, in poll_updates
  File "/usr/local/lib/python3.12/site-packages/requests/models.py", line 1024, in raise_for_status
    raise HTTPError(http_error_msg, response=self)
requests.exceptions.HTTPError: 404 Client Error: Not Found for url: https://api.telegram.org/botREPLACE_WITH_BOT_TOKEN/getUpdates?timeout=30&allowed_updates=%5B%22message%22%2C+%22callback_query%22%5D
2026-08-30 08:08:51,677 | ERROR | telegram_gateway_application.utilities.utils_telegram.gateway_inbound | Telegram long polling request failed. Retrying...
Traceback (most recent call last):
  File "/telegram_gateway/telegram_gateway_application/utilities/utils_telegram/gateway_inbound.py", line 104, in poll_updates
  File "/usr/local/lib/python3.12/site-packages/requests/models.py", line 1024, in raise_for_status
    raise HTTPError(http_error_msg, response=self)
requests.exceptions.HTTPError: 404 Client Error: Not Found for url: https://api.telegram.org/botREPLACE_WITH_BOT_TOKEN/getUpdates?timeout=30&allowed_updates=%5B%22message%22%2C+%22callback_query%22%5D
2026-08-30 08:08:57,394 | ERROR | telegram_gateway_application.utilities.utils_telegram.gateway_inbound | Telegram long polling request failed. Retrying...
Traceback (most recent call last):
  File "/telegram_gateway/telegram_gateway_application/utilities/utils_telegram/gateway_inbound.py", line 104, in poll_updates
  File "/usr/local/lib/python3.12/site-packages/requests/models.py", line 1024, in raise_for_status
    raise HTTPError(http_error_msg, response=self)
requests.exceptions.HTTPError: 404 Client Error: Not Found for url: https://api.telegram.org/botREPLACE_WITH_BOT_TOKEN/getUpdates?timeout=30&allowed_updates=%5B%22message%22%2C+%22callback_query%22%5D
2026-08-30 08:09:03,117 | ERROR | telegram_gateway_application.utilities.utils_telegram.gateway_inbound | Telegram long polling request failed. Retrying...
Traceback (most recent call last):
  File "/telegram_gateway/telegram_gateway_application/utilities/utils_telegram/gateway_inbound.py", line 104, in poll_updates
  File "/usr/local/lib/python3.12/site-packages/requests/models.py", line 1024, in raise_for_status
    raise HTTPError(http_error_msg, response=self)
requests.exceptions.HTTPError: 404 Client Error: Not Found for url: https://api.telegram.org/botREPLACE_WITH_BOT_TOKEN/getUpdates?timeout=30&allowed_updates=%5B%22message%22%2C+%22callback_query%22%5D
2026-08-30 08:09:08,863 | ERROR | telegram_gateway_application.utilities.utils_telegram.gateway_inbound | Telegram long polling request failed. Retrying...
Traceback (most recent call last):
  File "/telegram_gateway/telegram_gateway_application/utilities/utils_telegram/gateway_inbound.py", line 104, in poll_updates
  File "/usr/local/lib/python3.12/site-packages/requests/models.py", line 1024, in raise_for_status
    raise HTTPError(http_error_msg, response=self)
requests.exceptions.HTTPError: 404 Client Error: Not Found for url: https://api.telegram.org/botREPLACE_WITH_BOT_TOKEN/getUpdates?timeout=30&allowed_updates=%5B%22message%22%2C+%22callback_query%22%5D
2026-08-30 08:09:14,567 | ERROR | telegram_gateway_application.utilities.utils_telegram.gateway_inbound | Telegram long polling request failed. Retrying...
Traceback (most recent call last):
  File "/telegram_gateway/telegram_gateway_application/utilities/utils_telegram/gateway_inbound.py", line 104, in poll_updates
  File "/usr/local/lib/python3.12/site-packages/requests/models.py", line 1024, in raise_for_status
    raise HTTPError(http_error_msg, response=self)
requests.exceptions.HTTPError: 404 Client Error: Not Found for url: https://api.telegram.org/botREPLACE_WITH_BOT_TOKEN/getUpdates?timeout=30&allowed_updates=%5B%22message%22%2C+%22callback_query%22%5D
2026-08-30 08:09:20,292 | ERROR | telegram_gateway_application.utilities.utils_telegram.gateway_inbound | Telegram long polling request failed. Retrying...
Traceback (most recent call last):
  File "/telegram_gateway/telegram_gateway_application/utilities/utils_telegram/gateway_inbound.py", line 104, in poll_updates
  File "/usr/local/lib/python3.12/site-packages/requests/models.py", line 1024, in raise_for_status
    raise HTTPError(http_error_msg, response=self)
requests.exceptions.HTTPError: 404 Client Error: Not Found for url: https://api.telegram.org/botREPLACE_WITH_BOT_TOKEN/getUpdates?timeout=30&allowed_updates=%5B%22message%22%2C+%22callback_query%22%5D
2026-08-30 08:09:26,017 | ERROR | telegram_gateway_application.utilities.utils_telegram.gateway_inbound | Telegram long polling request failed. Retrying...
Traceback (most recent call last):
  File "/telegram_gateway/telegram_gateway_application/utilities/utils_telegram/gateway_inbound.py", line 104, in poll_updates
  File "/usr/local/lib/python3.12/site-packages/requests/models.py", line 1024, in raise_for_status
    raise HTTPError(http_error_msg, response=self)
requests.exceptions.HTTPError: 404 Client Error: Not Found for url: https://api.telegram.org/botREPLACE_WITH_BOT_TOKEN/getUpdates?timeout=30&allowed_updates=%5B%22message%22%2C+%22callback_query%22%5D
2026-08-30 08:09:31,744 | ERROR | telegram_gateway_application.utilities.utils_telegram.gateway_inbound | Telegram long polling request failed. Retrying...
Traceback (most recent call last):
  File "/telegram_gateway/telegram_gateway_application/utilities/utils_telegram/gateway_inbound.py", line 104, in poll_updates
  File "/usr/local/lib/python3.12/site-packages/requests/models.py", line 1024, in raise_for_status
    raise HTTPError(http_error_msg, response=self)
requests.exceptions.HTTPError: 404 Client Error: Not Found for url: https://api.telegram.org/botREPLACE_WITH_BOT_TOKEN/getUpdates?timeout=30&allowed_updates=%5B%22message%22%2C+%22callback_query%22%5D
2026-08-30 08:09:37,459 | ERROR | telegram_gateway_application.utilities.utils_telegram.gateway_inbound | Telegram long polling request failed. Retrying...
Traceback (most recent call last):
  File "/telegram_gateway/telegram_gateway_application/utilities/utils_telegram/gateway_inbound.py", line 104, in poll_updates
  File "/usr/local/lib/python3.12/site-packages/requests/models.py", line 1024, in raise_for_status
    raise HTTPError(http_error_msg, response=self)
requests.exceptions.HTTPError: 404 Client Error: Not Found for url: https://api.telegram.org/botREPLACE_WITH_BOT_TOKEN/getUpdates?timeout=30&allowed_updates=%5B%22message%22%2C+%22callback_query%22%5D
2026-08-30 08:09:43,173 | ERROR | telegram_gateway_application.utilities.utils_telegram.gateway_inbound | Telegram long polling request failed. Retrying...
Traceback (most recent call last):
  File "/telegram_gateway/telegram_gateway_application/utilities/utils_telegram/gateway_inbound.py", line 104, in poll_updates
  File "/usr/local/lib/python3.12/site-packages/requests/models.py", line 1024, in raise_for_status
    raise HTTPError(http_error_msg, response=self)
requests.exceptions.HTTPError: 404 Client Error: Not Found for url: https://api.telegram.org/botREPLACE_WITH_BOT_TOKEN/getUpdates?timeout=30&allowed_updates=%5B%22message%22%2C+%22callback_query%22%5D
2026-08-30 08:09:48,999 | ERROR | telegram_gateway_application.utilities.utils_telegram.gateway_inbound | Telegram long polling request failed. Retrying...
Traceback (most recent call last):
  File "/telegram_gateway/telegram_gateway_application/utilities/utils_telegram/gateway_inbound.py", line 104, in poll_updates
  File "/usr/local/lib/python3.12/site-packages/requests/models.py", line 1024, in raise_for_status
    raise HTTPError(http_error_msg, response=self)
requests.exceptions.HTTPError: 404 Client Error: Not Found for url: https://api.telegram.org/botREPLACE_WITH_BOT_TOKEN/getUpdates?timeout=30&allowed_updates=%5B%22message%22%2C+%22callback_query%22%5D
2026-08-30 08:09:54,723 | ERROR | telegram_gateway_application.utilities.utils_telegram.gateway_inbound | Telegram long polling request failed. Retrying...
Traceback (most recent call last):
  File "/telegram_gateway/telegram_gateway_application/utilities/utils_telegram/gateway_inbound.py", line 104, in poll_updates
  File "/usr/local/lib/python3.12/site-packages/requests/models.py", line 1024, in raise_for_status
    raise HTTPError(http_error_msg, response=self)
requests.exceptions.HTTPError: 404 Client Error: Not Found for url: https://api.telegram.org/botREPLACE_WITH_BOT_TOKEN/getUpdates?timeout=30&allowed_updates=%5B%22message%22%2C+%22callback_query%22%5D
2026-08-30 08:10:00,439 | ERROR | telegram_gateway_application.utilities.utils_telegram.gateway_inbound | Telegram long polling request failed. Retrying...
Traceback (most recent call last):
  File "/telegram_gateway/telegram_gateway_application/utilities/utils_telegram/gateway_inbound.py", line 104, in poll_updates
  File "/usr/local/lib/python3.12/site-packages/requests/models.py", line 1024, in raise_for_status
    raise HTTPError(http_error_msg, response=self)
requests.exceptions.HTTPError: 404 Client Error: Not Found for url: https://api.telegram.org/botREPLACE_WITH_BOT_TOKEN/getUpdates?timeout=30&allowed_updates=%5B%22message%22%2C+%22callback_query%22%5D
2026-08-30 08:10:06,146 | ERROR | telegram_gateway_application.utilities.utils_telegram.gateway_inbound | Telegram long polling request failed. Retrying...
Traceback (most recent call last):
  File "/telegram_gateway/telegram_gateway_application/utilities/utils_telegram/gateway_inbound.py", line 104, in poll_updates
  File "/usr/local/lib/python3.12/site-packages/requests/models.py", line 1024, in raise_for_status
    raise HTTPError(http_error_msg, response=self)
requests.exceptions.HTTPError: 404 Client Error: Not Found for url: https://api.telegram.org/botREPLACE_WITH_BOT_TOKEN/getUpdates?timeout=30&allowed_updates=%5B%22message%22%2C+%22callback_query%22%5D
2026-08-30 08:10:11,873 | ERROR | telegram_gateway_application.utilities.utils_telegram.gateway_inbound | Telegram long polling request failed. Retrying...
Traceback (most recent call last):
  File "/telegram_gateway/telegram_gateway_application/utilities/utils_telegram/gateway_inbound.py", line 104, in poll_updates
  File "/usr/local/lib/python3.12/site-packages/requests/models.py", line 1024, in raise_for_status
    raise HTTPError(http_error_msg, response=self)
requests.exceptions.HTTPError: 404 Client Error: Not Found for url: https://api.telegram.org/botREPLACE_WITH_BOT_TOKEN/getUpdates?timeout=30&allowed_updates=%5B%22message%22%2C+%22callback_query%22%5D
2026-08-30 08:10:17,585 | ERROR | telegram_gateway_application.utilities.utils_telegram.gateway_inbound | Telegram long polling request failed. Retrying...
Traceback (most recent call last):
  File "/telegram_gateway/telegram_gateway_application/utilities/utils_telegram/gateway_inbound.py", line 104, in poll_updates
  File "/usr/local/lib/python3.12/site-packages/requests/models.py", line 1024, in raise_for_status
    raise HTTPError(http_error_msg, response=self)
requests.exceptions.HTTPError: 404 Client Error: Not Found for url: https://api.telegram.org/botREPLACE_WITH_BOT_TOKEN/getUpdates?timeout=30&allowed_updates=%5B%22message%22%2C+%22callback_query%22%5D
2026-08-30 08:10:23,304 | ERROR | telegram_gateway_application.utilities.utils_telegram.gateway_inbound | Telegram long polling request failed. Retrying...
Traceback (most recent call last):
  File "/telegram_gateway/telegram_gateway_application/utilities/utils_telegram/gateway_inbound.py", line 104, in poll_updates
  File "/usr/local/lib/python3.12/site-packages/requests/models.py", line 1024, in raise_for_status
    raise HTTPError(http_error_msg, response=self)
requests.exceptions.HTTPError: 404 Client Error: Not Found for url: https://api.telegram.org/botREPLACE_WITH_BOT_TOKEN/getUpdates?timeout=30&allowed_updates=%5B%22message%22%2C+%22callback_query%22%5D
2026-08-30 08:10:29,035 | ERROR | telegram_gateway_application.utilities.utils_telegram.gateway_inbound | Telegram long polling request failed. Retrying...
Traceback (most recent call last):
  File "/telegram_gateway/telegram_gateway_application/utilities/utils_telegram/gateway_inbound.py", line 104, in poll_updates
  File "/usr/local/lib/python3.12/site-packages/requests/models.py", line 1024, in raise_for_status
    raise HTTPError(http_error_msg, response=self)
requests.exceptions.HTTPError: 404 Client Error: Not Found for url: https://api.telegram.org/botREPLACE_WITH_BOT_TOKEN/getUpdates?timeout=30&allowed_updates=%5B%22message%22%2C+%22callback_query%22%5D
2026-08-30 08:10:34,755 | ERROR | telegram_gateway_application.utilities.utils_telegram.gateway_inbound | Telegram long polling request failed. Retrying...
Traceback (most recent call last):
  File "/telegram_gateway/telegram_gateway_application/utilities/utils_telegram/gateway_inbound.py", line 104, in poll_updates
  File "/usr/local/lib/python3.12/site-packages/requests/models.py", line 1024, in raise_for_status
    raise HTTPError(http_error_msg, response=self)
requests.exceptions.HTTPError: 404 Client Error: Not Found for url: https://api.telegram.org/botREPLACE_WITH_BOT_TOKEN/getUpdates?timeout=30&allowed_updates=%5B%22message%22%2C+%22callback_query%22%5D
2026-08-30 08:10:40,469 | ERROR | telegram_gateway_application.utilities.utils_telegram.gateway_inbound | Telegram long polling request failed. Retrying...
Traceback (most recent call last):
  File "/telegram_gateway/telegram_gateway_application/utilities/utils_telegram/gateway_inbound.py", line 104, in poll_updates
  File "/usr/local/lib/python3.12/site-packages/requests/models.py", line 1024, in raise_for_status
    raise HTTPError(http_error_msg, response=self)
requests.exceptions.HTTPError: 404 Client Error: Not Found for url: https://api.telegram.org/botREPLACE_WITH_BOT_TOKEN/getUpdates?timeout=30&allowed_updates=%5B%22message%22%2C+%22callback_query%22%5D
2026-08-30 08:10:46,193 | ERROR | telegram_gateway_application.utilities.utils_telegram.gateway_inbound | Telegram long polling request failed. Retrying...
Traceback (most recent call last):
  File "/telegram_gateway/telegram_gateway_application/utilities/utils_telegram/gateway_inbound.py", line 104, in poll_updates
  File "/usr/local/lib/python3.12/site-packages/requests/models.py", line 1024, in raise_for_status
    raise HTTPError(http_error_msg, response=self)
requests.exceptions.HTTPError: 404 Client Error: Not Found for url: https://api.telegram.org/botREPLACE_WITH_BOT_TOKEN/getUpdates?timeout=30&allowed_updates=%5B%22message%22%2C+%22callback_query%22%5D
2026-08-30 08:10:51,911 | ERROR | telegram_gateway_application.utilities.utils_telegram.gateway_inbound | Telegram long polling request failed. Retrying...
Traceback (most recent call last):
  File "/telegram_gateway/telegram_gateway_application/utilities/utils_telegram/gateway_inbound.py", line 104, in poll_updates
  File "/usr/local/lib/python3.12/site-packages/requests/models.py", line 1024, in raise_for_status
    raise HTTPError(http_error_msg, response=self)
requests.exceptions.HTTPError: 404 Client Error: Not Found for url: https://api.telegram.org/botREPLACE_WITH_BOT_TOKEN/getUpdates?timeout=30&allowed_updates=%5B%22message%22%2C+%22callback_query%22%5D
2026-08-30 08:10:57,665 | ERROR | telegram_gateway_application.utilities.utils_telegram.gateway_inbound | Telegram long polling request failed. Retrying...
Traceback (most recent call last):
  File "/telegram_gateway/telegram_gateway_application/utilities/utils_telegram/gateway_inbound.py", line 104, in poll_updates
  File "/usr/local/lib/python3.12/site-packages/requests/models.py", line 1024, in raise_for_status
    raise HTTPError(http_error_msg, response=self)
requests.exceptions.HTTPError: 404 Client Error: Not Found for url: https://api.telegram.org/botREPLACE_WITH_BOT_TOKEN/getUpdates?timeout=30&allowed_updates=%5B%22message%22%2C+%22callback_query%22%5D
2026-08-30 08:11:03,384 | ERROR | telegram_gateway_application.utilities.utils_telegram.gateway_inbound | Telegram long polling request failed. Retrying...
Traceback (most recent call last):
  File "/telegram_gateway/telegram_gateway_application/utilities/utils_telegram/gateway_inbound.py", line 104, in poll_updates
  File "/usr/local/lib/python3.12/site-packages/requests/models.py", line 1024, in raise_for_status
    raise HTTPError(http_error_msg, response=self)
requests.exceptions.HTTPError: 404 Client Error: Not Found for url: https://api.telegram.org/botREPLACE_WITH_BOT_TOKEN/getUpdates?timeout=30&allowed_updates=%5B%22message%22%2C+%22callback_query%22%5D
2026-08-30 08:11:09,100 | ERROR | telegram_gateway_application.utilities.utils_telegram.gateway_inbound | Telegram long polling request failed. Retrying...
Traceback (most recent call last):
  File "/telegram_gateway/telegram_gateway_application/utilities/utils_telegram/gateway_inbound.py", line 104, in poll_updates
  File "/usr/local/lib/python3.12/site-packages/requests/models.py", line 1024, in raise_for_status
    raise HTTPError(http_error_msg, response=self)
requests.exceptions.HTTPError: 404 Client Error: Not Found for url: https://api.telegram.org/botREPLACE_WITH_BOT_TOKEN/getUpdates?timeout=30&allowed_updates=%5B%22message%22%2C+%22callback_query%22%5D
2026-08-30 08:11:14,826 | ERROR | telegram_gateway_application.utilities.utils_telegram.gateway_inbound | Telegram long polling request failed. Retrying...
Traceback (most recent call last):
  File "/telegram_gateway/telegram_gateway_application/utilities/utils_telegram/gateway_inbound.py", line 104, in poll_updates
  File "/usr/local/lib/python3.12/site-packages/requests/models.py", line 1024, in raise_for_status
    raise HTTPError(http_error_msg, response=self)
requests.exceptions.HTTPError: 404 Client Error: Not Found for url: https://api.telegram.org/botREPLACE_WITH_BOT_TOKEN/getUpdates?timeout=30&allowed_updates=%5B%22message%22%2C+%22callback_query%22%5D
2026-08-30 08:11:20,567 | ERROR | telegram_gateway_application.utilities.utils_telegram.gateway_inbound | Telegram long polling request failed. Retrying...
Traceback (most recent call last):
  File "/telegram_gateway/telegram_gateway_application/utilities/utils_telegram/gateway_inbound.py", line 104, in poll_updates
  File "/usr/local/lib/python3.12/site-packages/requests/models.py", line 1024, in raise_for_status
    raise HTTPError(http_error_msg, response=self)
requests.exceptions.HTTPError: 404 Client Error: Not Found for url: https://api.telegram.org/botREPLACE_WITH_BOT_TOKEN/getUpdates?timeout=30&allowed_updates=%5B%22message%22%2C+%22callback_query%22%5D
2026-08-30 08:11:26,292 | ERROR | telegram_gateway_application.utilities.utils_telegram.gateway_inbound | Telegram long polling request failed. Retrying...
Traceback (most recent call last):
  File "/telegram_gateway/telegram_gateway_application/utilities/utils_telegram/gateway_inbound.py", line 104, in poll_updates
  File "/usr/local/lib/python3.12/site-packages/requests/models.py", line 1024, in raise_for_status
    raise HTTPError(http_error_msg, response=self)
requests.exceptions.HTTPError: 404 Client Error: Not Found for url: https://api.telegram.org/botREPLACE_WITH_BOT_TOKEN/getUpdates?timeout=30&allowed_updates=%5B%22message%22%2C+%22callback_query%22%5D
2026-08-30 08:11:32,007 | ERROR | telegram_gateway_application.utilities.utils_telegram.gateway_inbound | Telegram long polling request failed. Retrying...
Traceback (most recent call last):
  File "/telegram_gateway/telegram_gateway_application/utilities/utils_telegram/gateway_inbound.py", line 104, in poll_updates
  File "/usr/local/lib/python3.12/site-packages/requests/models.py", line 1024, in raise_for_status
    raise HTTPError(http_error_msg, response=self)
requests.exceptions.HTTPError: 404 Client Error: Not Found for url: https://api.telegram.org/botREPLACE_WITH_BOT_TOKEN/getUpdates?timeout=30&allowed_updates=%5B%22message%22%2C+%22callback_query%22%5D
2026-08-30 08:11:37,722 | ERROR | telegram_gateway_application.utilities.utils_telegram.gateway_inbound | Telegram long polling request failed. Retrying...
Traceback (most recent call last):
  File "/telegram_gateway/telegram_gateway_application/utilities/utils_telegram/gateway_inbound.py", line 104, in poll_updates
  File "/usr/local/lib/python3.12/site-packages/requests/models.py", line 1024, in raise_for_status
    raise HTTPError(http_error_msg, response=self)
requests.exceptions.HTTPError: 404 Client Error: Not Found for url: https://api.telegram.org/botREPLACE_WITH_BOT_TOKEN/getUpdates?timeout=30&allowed_updates=%5B%22message%22%2C+%22callback_query%22%5D
2026-08-30 08:11:43,439 | ERROR | telegram_gateway_application.utilities.utils_telegram.gateway_inbound | Telegram long polling request failed. Retrying...
Traceback (most recent call last):
  File "/telegram_gateway/telegram_gateway_application/utilities/utils_telegram/gateway_inbound.py", line 104, in poll_updates
  File "/usr/local/lib/python3.12/site-packages/requests/models.py", line 1024, in raise_for_status
    raise HTTPError(http_error_msg, response=self)
requests.exceptions.HTTPError: 404 Client Error: Not Found for url: https://api.telegram.org/botREPLACE_WITH_BOT_TOKEN/getUpdates?timeout=30&allowed_updates=%5B%22message%22%2C+%22callback_query%22%5D
2026-08-30 08:11:49,154 | ERROR | telegram_gateway_application.utilities.utils_telegram.gateway_inbound | Telegram long polling request failed. Retrying...
Traceback (most recent call last):
  File "/telegram_gateway/telegram_gateway_application/utilities/utils_telegram/gateway_inbound.py", line 104, in poll_updates
  File "/usr/local/lib/python3.12/site-packages/requests/models.py", line 1024, in raise_for_status
    raise HTTPError(http_error_msg, response=self)
requests.exceptions.HTTPError: 404 Client Error: Not Found for url: https://api.telegram.org/botREPLACE_WITH_BOT_TOKEN/getUpdates?timeout=30&allowed_updates=%5B%22message%22%2C+%22callback_query%22%5D
2026-08-30 08:11:54,869 | ERROR | telegram_gateway_application.utilities.utils_telegram.gateway_inbound | Telegram long polling request failed. Retrying...
Traceback (most recent call last):
  File "/telegram_gateway/telegram_gateway_application/utilities/utils_telegram/gateway_inbound.py", line 104, in poll_updates
  File "/usr/local/lib/python3.12/site-packages/requests/models.py", line 1024, in raise_for_status
    raise HTTPError(http_error_msg, response=self)
requests.exceptions.HTTPError: 404 Client Error: Not Found for url: https://api.telegram.org/botREPLACE_WITH_BOT_TOKEN/getUpdates?timeout=30&allowed_updates=%5B%22message%22%2C+%22callback_query%22%5D
2026-08-30 08:12:00,588 | ERROR | telegram_gateway_application.utilities.utils_telegram.gateway_inbound | Telegram long polling request failed. Retrying...
Traceback (most recent call last):
  File "/telegram_gateway/telegram_gateway_application/utilities/utils_telegram/gateway_inbound.py", line 104, in poll_updates
  File "/usr/local/lib/python3.12/site-packages/requests/models.py", line 1024, in raise_for_status
    raise HTTPError(http_error_msg, response=self)
requests.exceptions.HTTPError: 404 Client Error: Not Found for url: https://api.telegram.org/botREPLACE_WITH_BOT_TOKEN/getUpdates?timeout=30&allowed_updates=%5B%22message%22%2C+%22callback_query%22%5D
2026-08-30 08:12:06,304 | ERROR | telegram_gateway_application.utilities.utils_telegram.gateway_inbound | Telegram long polling request failed. Retrying...
Traceback (most recent call last):
  File "/telegram_gateway/telegram_gateway_application/utilities/utils_telegram/gateway_inbound.py", line 104, in poll_updates
  File "/usr/local/lib/python3.12/site-packages/requests/models.py", line 1024, in raise_for_status
    raise HTTPError(http_error_msg, response=self)
requests.exceptions.HTTPError: 404 Client Error: Not Found for url: https://api.telegram.org/botREPLACE_WITH_BOT_TOKEN/getUpdates?timeout=30&allowed_updates=%5B%22message%22%2C+%22callback_query%22%5D
2026-08-30 08:12:12,029 | ERROR | telegram_gateway_application.utilities.utils_telegram.gateway_inbound | Telegram long polling request failed. Retrying...
Traceback (most recent call last):
  File "/telegram_gateway/telegram_gateway_application/utilities/utils_telegram/gateway_inbound.py", line 104, in poll_updates
  File "/usr/local/lib/python3.12/site-packages/requests/models.py", line 1024, in raise_for_status
    raise HTTPError(http_error_msg, response=self)
requests.exceptions.HTTPError: 404 Client Error: Not Found for url: https://api.telegram.org/botREPLACE_WITH_BOT_TOKEN/getUpdates?timeout=30&allowed_updates=%5B%22message%22%2C+%22callback_query%22%5D
2026-08-30 08:12:17,753 | ERROR | telegram_gateway_application.utilities.utils_telegram.gateway_inbound | Telegram long polling request failed. Retrying...
Traceback (most recent call last):
  File "/telegram_gateway/telegram_gateway_application/utilities/utils_telegram/gateway_inbound.py", line 104, in poll_updates
  File "/usr/local/lib/python3.12/site-packages/requests/models.py", line 1024, in raise_for_status
    raise HTTPError(http_error_msg, response=self)
requests.exceptions.HTTPError: 404 Client Error: Not Found for url: https://api.telegram.org/botREPLACE_WITH_BOT_TOKEN/getUpdates?timeout=30&allowed_updates=%5B%22message%22%2C+%22callback_query%22%5D
2026-08-30 08:12:23,475 | ERROR | telegram_gateway_application.utilities.utils_telegram.gateway_inbound | Telegram long polling request failed. Retrying...
Traceback (most recent call last):
  File "/telegram_gateway/telegram_gateway_application/utilities/utils_telegram/gateway_inbound.py", line 104, in poll_updates
  File "/usr/local/lib/python3.12/site-packages/requests/models.py", line 1024, in raise_for_status
    raise HTTPError(http_error_msg, response=self)
requests.exceptions.HTTPError: 404 Client Error: Not Found for url: https://api.telegram.org/botREPLACE_WITH_BOT_TOKEN/getUpdates?timeout=30&allowed_updates=%5B%22message%22%2C+%22callback_query%22%5D
2026-08-30 08:12:29,199 | ERROR | telegram_gateway_application.utilities.utils_telegram.gateway_inbound | Telegram long polling request failed. Retrying...
Traceback (most recent call last):
  File "/telegram_gateway/telegram_gateway_application/utilities/utils_telegram/gateway_inbound.py", line 104, in poll_updates
  File "/usr/local/lib/python3.12/site-packages/requests/models.py", line 1024, in raise_for_status
    raise HTTPError(http_error_msg, response=self)
requests.exceptions.HTTPError: 404 Client Error: Not Found for url: https://api.telegram.org/botREPLACE_WITH_BOT_TOKEN/getUpdates?timeout=30&allowed_updates=%5B%22message%22%2C+%22callback_query%22%5D
2026-08-30 08:12:34,914 | ERROR | telegram_gateway_application.utilities.utils_telegram.gateway_inbound | Telegram long polling request failed. Retrying...
Traceback (most recent call last):
  File "/telegram_gateway/telegram_gateway_application/utilities/utils_telegram/gateway_inbound.py", line 104, in poll_updates
  File "/usr/local/lib/python3.12/site-packages/requests/models.py", line 1024, in raise_for_status
    raise HTTPError(http_error_msg, response=self)
requests.exceptions.HTTPError: 404 Client Error: Not Found for url: https://api.telegram.org/botREPLACE_WITH_BOT_TOKEN/getUpdates?timeout=30&allowed_updates=%5B%22message%22%2C+%22callback_query%22%5D
2026-08-30 08:12:40,640 | ERROR | telegram_gateway_application.utilities.utils_telegram.gateway_inbound | Telegram long polling request failed. Retrying...
Traceback (most recent call last):
  File "/telegram_gateway/telegram_gateway_application/utilities/utils_telegram/gateway_inbound.py", line 104, in poll_updates
  File "/usr/local/lib/python3.12/site-packages/requests/models.py", line 1024, in raise_for_status
    raise HTTPError(http_error_msg, response=self)
requests.exceptions.HTTPError: 404 Client Error: Not Found for url: https://api.telegram.org/botREPLACE_WITH_BOT_TOKEN/getUpdates?timeout=30&allowed_updates=%5B%22message%22%2C+%22callback_query%22%5D
2026-08-30 08:12:46,352 | ERROR | telegram_gateway_application.utilities.utils_telegram.gateway_inbound | Telegram long polling request failed. Retrying...
Traceback (most recent call last):
  File "/telegram_gateway/telegram_gateway_application/utilities/utils_telegram/gateway_inbound.py", line 104, in poll_updates
  File "/usr/local/lib/python3.12/site-packages/requests/models.py", line 1024, in raise_for_status
    raise HTTPError(http_error_msg, response=self)
requests.exceptions.HTTPError: 404 Client Error: Not Found for url: https://api.telegram.org/botREPLACE_WITH_BOT_TOKEN/getUpdates?timeout=30&allowed_updates=%5B%22message%22%2C+%22callback_query%22%5D
2026-08-30 08:12:52,069 | ERROR | telegram_gateway_application.utilities.utils_telegram.gateway_inbound | Telegram long polling request failed. Retrying...
Traceback (most recent call last):
  File "/telegram_gateway/telegram_gateway_application/utilities/utils_telegram/gateway_inbound.py", line 104, in poll_updates
  File "/usr/local/lib/python3.12/site-packages/requests/models.py", line 1024, in raise_for_status
    raise HTTPError(http_error_msg, response=self)
requests.exceptions.HTTPError: 404 Client Error: Not Found for url: https://api.telegram.org/botREPLACE_WITH_BOT_TOKEN/getUpdates?timeout=30&allowed_updates=%5B%22message%22%2C+%22callback_query%22%5D
2026-08-30 08:12:57,787 | ERROR | telegram_gateway_application.utilities.utils_telegram.gateway_inbound | Telegram long polling request failed. Retrying...
Traceback (most recent call last):
  File "/telegram_gateway/telegram_gateway_application/utilities/utils_telegram/gateway_inbound.py", line 104, in poll_updates
  File "/usr/local/lib/python3.12/site-packages/requests/models.py", line 1024, in raise_for_status
    raise HTTPError(http_error_msg, response=self)
requests.exceptions.HTTPError: 404 Client Error: Not Found for url: https://api.telegram.org/botREPLACE_WITH_BOT_TOKEN/getUpdates?timeout=30&allowed_updates=%5B%22message%22%2C+%22callback_query%22%5D
2026-08-30 08:13:03,514 | ERROR | telegram_gateway_application.utilities.utils_telegram.gateway_inbound | Telegram long polling request failed. Retrying...
Traceback (most recent call last):
  File "/telegram_gateway/telegram_gateway_application/utilities/utils_telegram/gateway_inbound.py", line 104, in poll_updates
  File "/usr/local/lib/python3.12/site-packages/requests/models.py", line 1024, in raise_for_status
    raise HTTPError(http_error_msg, response=self)
requests.exceptions.HTTPError: 404 Client Error: Not Found for url: https://api.telegram.org/botREPLACE_WITH_BOT_TOKEN/getUpdates?timeout=30&allowed_updates=%5B%22message%22%2C+%22callback_query%22%5D
2026-08-30 08:13:09,227 | ERROR | telegram_gateway_application.utilities.utils_telegram.gateway_inbound | Telegram long polling request failed. Retrying...
Traceback (most recent call last):
  File "/telegram_gateway/telegram_gateway_application/utilities/utils_telegram/gateway_inbound.py", line 104, in poll_updates
  File "/usr/local/lib/python3.12/site-packages/requests/models.py", line 1024, in raise_for_status
    raise HTTPError(http_error_msg, response=self)
requests.exceptions.HTTPError: 404 Client Error: Not Found for url: https://api.telegram.org/botREPLACE_WITH_BOT_TOKEN/getUpdates?timeout=30&allowed_updates=%5B%22message%22%2C+%22callback_query%22%5D
2026-08-30 08:13:14,944 | ERROR | telegram_gateway_application.utilities.utils_telegram.gateway_inbound | Telegram long polling request failed. Retrying...
Traceback (most recent call last):
  File "/telegram_gateway/telegram_gateway_application/utilities/utils_telegram/gateway_inbound.py", line 104, in poll_updates
  File "/usr/local/lib/python3.12/site-packages/requests/models.py", line 1024, in raise_for_status
    raise HTTPError(http_error_msg, response=self)
requests.exceptions.HTTPError: 404 Client Error: Not Found for url: https://api.telegram.org/botREPLACE_WITH_BOT_TOKEN/getUpdates?timeout=30&allowed_updates=%5B%22message%22%2C+%22callback_query%22%5D
2026-08-30 08:13:20,700 | ERROR | telegram_gateway_application.utilities.utils_telegram.gateway_inbound | Telegram long polling request failed. Retrying...
Traceback (most recent call last):
  File "/telegram_gateway/telegram_gateway_application/utilities/utils_telegram/gateway_inbound.py", line 104, in poll_updates
  File "/usr/local/lib/python3.12/site-packages/requests/models.py", line 1024, in raise_for_status
    raise HTTPError(http_error_msg, response=self)
requests.exceptions.HTTPError: 404 Client Error: Not Found for url: https://api.telegram.org/botREPLACE_WITH_BOT_TOKEN/getUpdates?timeout=30&allowed_updates=%5B%22message%22%2C+%22callback_query%22%5D
2026-08-30 08:13:26,440 | ERROR | telegram_gateway_application.utilities.utils_telegram.gateway_inbound | Telegram long polling request failed. Retrying...
Traceback (most recent call last):
  File "/telegram_gateway/telegram_gateway_application/utilities/utils_telegram/gateway_inbound.py", line 104, in poll_updates
  File "/usr/local/lib/python3.12/site-packages/requests/models.py", line 1024, in raise_for_status
    raise HTTPError(http_error_msg, response=self)
requests.exceptions.HTTPError: 404 Client Error: Not Found for url: https://api.telegram.org/botREPLACE_WITH_BOT_TOKEN/getUpdates?timeout=30&allowed_updates=%5B%22message%22%2C+%22callback_query%22%5D
2026-08-30 08:13:32,155 | ERROR | telegram_gateway_application.utilities.utils_telegram.gateway_inbound | Telegram long polling request failed. Retrying...
Traceback (most recent call last):
  File "/telegram_gateway/telegram_gateway_application/utilities/utils_telegram/gateway_inbound.py", line 104, in poll_updates
  File "/usr/local/lib/python3.12/site-packages/requests/models.py", line 1024, in raise_for_status
    raise HTTPError(http_error_msg, response=self)
requests.exceptions.HTTPError: 404 Client Error: Not Found for url: https://api.telegram.org/botREPLACE_WITH_BOT_TOKEN/getUpdates?timeout=30&allowed_updates=%5B%22message%22%2C+%22callback_query%22%5D
2026-08-30 08:13:37,878 | ERROR | telegram_gateway_application.utilities.utils_telegram.gateway_inbound | Telegram long polling request failed. Retrying...
Traceback (most recent call last):
  File "/telegram_gateway/telegram_gateway_application/utilities/utils_telegram/gateway_inbound.py", line 104, in poll_updates
  File "/usr/local/lib/python3.12/site-packages/requests/models.py", line 1024, in raise_for_status
    raise HTTPError(http_error_msg, response=self)
requests.exceptions.HTTPError: 404 Client Error: Not Found for url: https://api.telegram.org/botREPLACE_WITH_BOT_TOKEN/getUpdates?timeout=30&allowed_updates=%5B%22message%22%2C+%22callback_query%22%5D
2026-08-30 08:13:43,580 | ERROR | telegram_gateway_application.utilities.utils_telegram.gateway_inbound | Telegram long polling request failed. Retrying...
Traceback (most recent call last):
  File "/telegram_gateway/telegram_gateway_application/utilities/utils_telegram/gateway_inbound.py", line 104, in poll_updates
  File "/usr/local/lib/python3.12/site-packages/requests/models.py", line 1024, in raise_for_status
    raise HTTPError(http_error_msg, response=self)
requests.exceptions.HTTPError: 404 Client Error: Not Found for url: https://api.telegram.org/botREPLACE_WITH_BOT_TOKEN/getUpdates?timeout=30&allowed_updates=%5B%22message%22%2C+%22callback_query%22%5D
2026-08-30 08:13:49,307 | ERROR | telegram_gateway_application.utilities.utils_telegram.gateway_inbound | Telegram long polling request failed. Retrying...
Traceback (most recent call last):
  File "/telegram_gateway/telegram_gateway_application/utilities/utils_telegram/gateway_inbound.py", line 104, in poll_updates
  File "/usr/local/lib/python3.12/site-packages/requests/models.py", line 1024, in raise_for_status
    raise HTTPError(http_error_msg, response=self)
requests.exceptions.HTTPError: 404 Client Error: Not Found for url: https://api.telegram.org/botREPLACE_WITH_BOT_TOKEN/getUpdates?timeout=30&allowed_updates=%5B%22message%22%2C+%22callback_query%22%5D
2026-08-30 08:13:55,045 | ERROR | telegram_gateway_application.utilities.utils_telegram.gateway_inbound | Telegram long polling request failed. Retrying...
Traceback (most recent call last):
  File "/telegram_gateway/telegram_gateway_application/utilities/utils_telegram/gateway_inbound.py", line 104, in poll_updates
  File "/usr/local/lib/python3.12/site-packages/requests/models.py", line 1024, in raise_for_status
    raise HTTPError(http_error_msg, response=self)
requests.exceptions.HTTPError: 404 Client Error: Not Found for url: https://api.telegram.org/botREPLACE_WITH_BOT_TOKEN/getUpdates?timeout=30&allowed_updates=%5B%22message%22%2C+%22callback_query%22%5D
2026-08-30 08:14:00,792 | ERROR | telegram_gateway_application.utilities.utils_telegram.gateway_inbound | Telegram long polling request failed. Retrying...
Traceback (most recent call last):
  File "/telegram_gateway/telegram_gateway_application/utilities/utils_telegram/gateway_inbound.py", line 104, in poll_updates
  File "/usr/local/lib/python3.12/site-packages/requests/models.py", line 1024, in raise_for_status
    raise HTTPError(http_error_msg, response=self)
requests.exceptions.HTTPError: 404 Client Error: Not Found for url: https://api.telegram.org/botREPLACE_WITH_BOT_TOKEN/getUpdates?timeout=30&allowed_updates=%5B%22message%22%2C+%22callback_query%22%5D
2026-08-30 08:14:06,533 | ERROR | telegram_gateway_application.utilities.utils_telegram.gateway_inbound | Telegram long polling request failed. Retrying...
Traceback (most recent call last):
  File "/telegram_gateway/telegram_gateway_application/utilities/utils_telegram/gateway_inbound.py", line 104, in poll_updates
  File "/usr/local/lib/python3.12/site-packages/requests/models.py", line 1024, in raise_for_status
    raise HTTPError(http_error_msg, response=self)
requests.exceptions.HTTPError: 404 Client Error: Not Found for url: https://api.telegram.org/botREPLACE_WITH_BOT_TOKEN/getUpdates?timeout=30&allowed_updates=%5B%22message%22%2C+%22callback_query%22%5D
2026-08-30 08:14:12,252 | ERROR | telegram_gateway_application.utilities.utils_telegram.gateway_inbound | Telegram long polling request failed. Retrying...
Traceback (most recent call last):
  File "/telegram_gateway/telegram_gateway_application/utilities/utils_telegram/gateway_inbound.py", line 104, in poll_updates
  File "/usr/local/lib/python3.12/site-packages/requests/models.py", line 1024, in raise_for_status
    raise HTTPError(http_error_msg, response=self)
requests.exceptions.HTTPError: 404 Client Error: Not Found for url: https://api.telegram.org/botREPLACE_WITH_BOT_TOKEN/getUpdates?timeout=30&allowed_updates=%5B%22message%22%2C+%22callback_query%22%5D
2026-08-30 08:14:17,968 | ERROR | telegram_gateway_application.utilities.utils_telegram.gateway_inbound | Telegram long polling request failed. Retrying...
Traceback (most recent call last):
  File "/telegram_gateway/telegram_gateway_application/utilities/utils_telegram/gateway_inbound.py", line 104, in poll_updates
  File "/usr/local/lib/python3.12/site-packages/requests/models.py", line 1024, in raise_for_status
    raise HTTPError(http_error_msg, response=self)
requests.exceptions.HTTPError: 404 Client Error: Not Found for url: https://api.telegram.org/botREPLACE_WITH_BOT_TOKEN/getUpdates?timeout=30&allowed_updates=%5B%22message%22%2C+%22callback_query%22%5D
2026-08-30 08:14:23,687 | ERROR | telegram_gateway_application.utilities.utils_telegram.gateway_inbound | Telegram long polling request failed. Retrying...
Traceback (most recent call last):
  File "/telegram_gateway/telegram_gateway_application/utilities/utils_telegram/gateway_inbound.py", line 104, in poll_updates
  File "/usr/local/lib/python3.12/site-packages/requests/models.py", line 1024, in raise_for_status
    raise HTTPError(http_error_msg, response=self)
requests.exceptions.HTTPError: 404 Client Error: Not Found for url: https://api.telegram.org/botREPLACE_WITH_BOT_TOKEN/getUpdates?timeout=30&allowed_updates=%5B%22message%22%2C+%22callback_query%22%5D
2026-08-30 08:14:29,400 | ERROR | telegram_gateway_application.utilities.utils_telegram.gateway_inbound | Telegram long polling request failed. Retrying...
Traceback (most recent call last):
  File "/telegram_gateway/telegram_gateway_application/utilities/utils_telegram/gateway_inbound.py", line 104, in poll_updates
  File "/usr/local/lib/python3.12/site-packages/requests/models.py", line 1024, in raise_for_status
    raise HTTPError(http_error_msg, response=self)
requests.exceptions.HTTPError: 404 Client Error: Not Found for url: https://api.telegram.org/botREPLACE_WITH_BOT_TOKEN/getUpdates?timeout=30&allowed_updates=%5B%22message%22%2C+%22callback_query%22%5D
2026-08-30 08:14:35,129 | ERROR | telegram_gateway_application.utilities.utils_telegram.gateway_inbound | Telegram long polling request failed. Retrying...
Traceback (most recent call last):
  File "/telegram_gateway/telegram_gateway_application/utilities/utils_telegram/gateway_inbound.py", line 104, in poll_updates
  File "/usr/local/lib/python3.12/site-packages/requests/models.py", line 1024, in raise_for_status
    raise HTTPError(http_error_msg, response=self)
requests.exceptions.HTTPError: 404 Client Error: Not Found for url: https://api.telegram.org/botREPLACE_WITH_BOT_TOKEN/getUpdates?timeout=30&allowed_updates=%5B%22message%22%2C+%22callback_query%22%5D
2026-08-30 08:14:40,869 | ERROR | telegram_gateway_application.utilities.utils_telegram.gateway_inbound | Telegram long polling request failed. Retrying...
Traceback (most recent call last):
  File "/telegram_gateway/telegram_gateway_application/utilities/utils_telegram/gateway_inbound.py", line 104, in poll_updates
  File "/usr/local/lib/python3.12/site-packages/requests/models.py", line 1024, in raise_for_status
    raise HTTPError(http_error_msg, response=self)
requests.exceptions.HTTPError: 404 Client Error: Not Found for url: https://api.telegram.org/botREPLACE_WITH_BOT_TOKEN/getUpdates?timeout=30&allowed_updates=%5B%22message%22%2C+%22callback_query%22%5D
2026-08-30 08:14:46,584 | ERROR | telegram_gateway_application.utilities.utils_telegram.gateway_inbound | Telegram long polling request failed. Retrying...
Traceback (most recent call last):
  File "/telegram_gateway/telegram_gateway_application/utilities/utils_telegram/gateway_inbound.py", line 104, in poll_updates
  File "/usr/local/lib/python3.12/site-packages/requests/models.py", line 1024, in raise_for_status
    raise HTTPError(http_error_msg, response=self)
requests.exceptions.HTTPError: 404 Client Error: Not Found for url: https://api.telegram.org/botREPLACE_WITH_BOT_TOKEN/getUpdates?timeout=30&allowed_updates=%5B%22message%22%2C+%22callback_query%22%5D
2026-08-30 08:14:52,298 | ERROR | telegram_gateway_application.utilities.utils_telegram.gateway_inbound | Telegram long polling request failed. Retrying...
Traceback (most recent call last):
  File "/telegram_gateway/telegram_gateway_application/utilities/utils_telegram/gateway_inbound.py", line 104, in poll_updates
  File "/usr/local/lib/python3.12/site-packages/requests/models.py", line 1024, in raise_for_status
    raise HTTPError(http_error_msg, response=self)
requests.exceptions.HTTPError: 404 Client Error: Not Found for url: https://api.telegram.org/botREPLACE_WITH_BOT_TOKEN/getUpdates?timeout=30&allowed_updates=%5B%22message%22%2C+%22callback_query%22%5D
2026-08-30 08:14:58,032 | ERROR | telegram_gateway_application.utilities.utils_telegram.gateway_inbound | Telegram long polling request failed. Retrying...
Traceback (most recent call last):
  File "/telegram_gateway/telegram_gateway_application/utilities/utils_telegram/gateway_inbound.py", line 104, in poll_updates
  File "/usr/local/lib/python3.12/site-packages/requests/models.py", line 1024, in raise_for_status
    raise HTTPError(http_error_msg, response=self)
requests.exceptions.HTTPError: 404 Client Error: Not Found for url: https://api.telegram.org/botREPLACE_WITH_BOT_TOKEN/getUpdates?timeout=30&allowed_updates=%5B%22message%22%2C+%22callback_query%22%5D
2026-08-30 08:15:03,757 | ERROR | telegram_gateway_application.utilities.utils_telegram.gateway_inbound | Telegram long polling request failed. Retrying...
Traceback (most recent call last):
  File "/telegram_gateway/telegram_gateway_application/utilities/utils_telegram/gateway_inbound.py", line 104, in poll_updates
  File "/usr/local/lib/python3.12/site-packages/requests/models.py", line 1024, in raise_for_status
    raise HTTPError(http_error_msg, response=self)
requests.exceptions.HTTPError: 404 Client Error: Not Found for url: https://api.telegram.org/botREPLACE_WITH_BOT_TOKEN/getUpdates?timeout=30&allowed_updates=%5B%22message%22%2C+%22callback_query%22%5D
2026-08-30 08:15:09,482 | ERROR | telegram_gateway_application.utilities.utils_telegram.gateway_inbound | Telegram long polling request failed. Retrying...
Traceback (most recent call last):
  File "/telegram_gateway/telegram_gateway_application/utilities/utils_telegram/gateway_inbound.py", line 104, in poll_updates
  File "/usr/local/lib/python3.12/site-packages/requests/models.py", line 1024, in raise_for_status
    raise HTTPError(http_error_msg, response=self)
requests.exceptions.HTTPError: 404 Client Error: Not Found for url: https://api.telegram.org/botREPLACE_WITH_BOT_TOKEN/getUpdates?timeout=30&allowed_updates=%5B%22message%22%2C+%22callback_query%22%5D
2026-08-30 08:15:15,235 | ERROR | telegram_gateway_application.utilities.utils_telegram.gateway_inbound | Telegram long polling request failed. Retrying...
Traceback (most recent call last):
  File "/telegram_gateway/telegram_gateway_application/utilities/utils_telegram/gateway_inbound.py", line 104, in poll_updates
  File "/usr/local/lib/python3.12/site-packages/requests/models.py", line 1024, in raise_for_status
    raise HTTPError(http_error_msg, response=self)
requests.exceptions.HTTPError: 404 Client Error: Not Found for url: https://api.telegram.org/botREPLACE_WITH_BOT_TOKEN/getUpdates?timeout=30&allowed_updates=%5B%22message%22%2C+%22callback_query%22%5D
2026-08-30 08:15:20,952 | ERROR | telegram_gateway_application.utilities.utils_telegram.gateway_inbound | Telegram long polling request failed. Retrying...
Traceback (most recent call last):
  File "/telegram_gateway/telegram_gateway_application/utilities/utils_telegram/gateway_inbound.py", line 104, in poll_updates
  File "/usr/local/lib/python3.12/site-packages/requests/models.py", line 1024, in raise_for_status
    raise HTTPError(http_error_msg, response=self)
requests.exceptions.HTTPError: 404 Client Error: Not Found for url: https://api.telegram.org/botREPLACE_WITH_BOT_TOKEN/getUpdates?timeout=30&allowed_updates=%5B%22message%22%2C+%22callback_query%22%5D
2026-08-30 08:15:26,660 | ERROR | telegram_gateway_application.utilities.utils_telegram.gateway_inbound | Telegram long polling request failed. Retrying...
Traceback (most recent call last):
  File "/telegram_gateway/telegram_gateway_application/utilities/utils_telegram/gateway_inbound.py", line 104, in poll_updates
  File "/usr/local/lib/python3.12/site-packages/requests/models.py", line 1024, in raise_for_status
    raise HTTPError(http_error_msg, response=self)
requests.exceptions.HTTPError: 404 Client Error: Not Found for url: https://api.telegram.org/botREPLACE_WITH_BOT_TOKEN/getUpdates?timeout=30&allowed_updates=%5B%22message%22%2C+%22callback_query%22%5D
2026-08-30 08:15:32,393 | ERROR | telegram_gateway_application.utilities.utils_telegram.gateway_inbound | Telegram long polling request failed. Retrying...
Traceback (most recent call last):
  File "/telegram_gateway/telegram_gateway_application/utilities/utils_telegram/gateway_inbound.py", line 104, in poll_updates
  File "/usr/local/lib/python3.12/site-packages/requests/models.py", line 1024, in raise_for_status
    raise HTTPError(http_error_msg, response=self)
requests.exceptions.HTTPError: 404 Client Error: Not Found for url: https://api.telegram.org/botREPLACE_WITH_BOT_TOKEN/getUpdates?timeout=30&allowed_updates=%5B%22message%22%2C+%22callback_query%22%5D
2026-08-30 08:15:38,112 | ERROR | telegram_gateway_application.utilities.utils_telegram.gateway_inbound | Telegram long polling request failed. Retrying...
Traceback (most recent call last):
  File "/telegram_gateway/telegram_gateway_application/utilities/utils_telegram/gateway_inbound.py", line 104, in poll_updates
  File "/usr/local/lib/python3.12/site-packages/requests/models.py", line 1024, in raise_for_status
    raise HTTPError(http_error_msg, response=self)
requests.exceptions.HTTPError: 404 Client Error: Not Found for url: https://api.telegram.org/botREPLACE_WITH_BOT_TOKEN/getUpdates?timeout=30&allowed_updates=%5B%22message%22%2C+%22callback_query%22%5D
2026-08-30 08:15:43,839 | ERROR | telegram_gateway_application.utilities.utils_telegram.gateway_inbound | Telegram long polling request failed. Retrying...
Traceback (most recent call last):
  File "/telegram_gateway/telegram_gateway_application/utilities/utils_telegram/gateway_inbound.py", line 104, in poll_updates
  File "/usr/local/lib/python3.12/site-packages/requests/models.py", line 1024, in raise_for_status
    raise HTTPError(http_error_msg, response=self)
requests.exceptions.HTTPError: 404 Client Error: Not Found for url: https://api.telegram.org/botREPLACE_WITH_BOT_TOKEN/getUpdates?timeout=30&allowed_updates=%5B%22message%22%2C+%22callback_query%22%5D
2026-08-30 08:15:49,565 | ERROR | telegram_gateway_application.utilities.utils_telegram.gateway_inbound | Telegram long polling request failed. Retrying...
Traceback (most recent call last):
  File "/telegram_gateway/telegram_gateway_application/utilities/utils_telegram/gateway_inbound.py", line 104, in poll_updates
  File "/usr/local/lib/python3.12/site-packages/requests/models.py", line 1024, in raise_for_status
    raise HTTPError(http_error_msg, response=self)
requests.exceptions.HTTPError: 404 Client Error: Not Found for url: https://api.telegram.org/botREPLACE_WITH_BOT_TOKEN/getUpdates?timeout=30&allowed_updates=%5B%22message%22%2C+%22callback_query%22%5D
2026-08-30 08:15:55,278 | ERROR | telegram_gateway_application.utilities.utils_telegram.gateway_inbound | Telegram long polling request failed. Retrying...
Traceback (most recent call last):
  File "/telegram_gateway/telegram_gateway_application/utilities/utils_telegram/gateway_inbound.py", line 104, in poll_updates
  File "/usr/local/lib/python3.12/site-packages/requests/models.py", line 1024, in raise_for_status
    raise HTTPError(http_error_msg, response=self)
requests.exceptions.HTTPError: 404 Client Error: Not Found for url: https://api.telegram.org/botREPLACE_WITH_BOT_TOKEN/getUpdates?timeout=30&allowed_updates=%5B%22message%22%2C+%22callback_query%22%5D
2026-08-30 08:16:01,010 | ERROR | telegram_gateway_application.utilities.utils_telegram.gateway_inbound | Telegram long polling request failed. Retrying...
Traceback (most recent call last):
  File "/telegram_gateway/telegram_gateway_application/utilities/utils_telegram/gateway_inbound.py", line 104, in poll_updates
  File "/usr/local/lib/python3.12/site-packages/requests/models.py", line 1024, in raise_for_status
    raise HTTPError(http_error_msg, response=self)
requests.exceptions.HTTPError: 404 Client Error: Not Found for url: https://api.telegram.org/botREPLACE_WITH_BOT_TOKEN/getUpdates?timeout=30&allowed_updates=%5B%22message%22%2C+%22callback_query%22%5D
2026-08-30 08:16:06,713 | ERROR | telegram_gateway_application.utilities.utils_telegram.gateway_inbound | Telegram long polling request failed. Retrying...
Traceback (most recent call last):
  File "/telegram_gateway/telegram_gateway_application/utilities/utils_telegram/gateway_inbound.py", line 104, in poll_updates
  File "/usr/local/lib/python3.12/site-packages/requests/models.py", line 1024, in raise_for_status
    raise HTTPError(http_error_msg, response=self)
requests.exceptions.HTTPError: 404 Client Error: Not Found for url: https://api.telegram.org/botREPLACE_WITH_BOT_TOKEN/getUpdates?timeout=30&allowed_updates=%5B%22message%22%2C+%22callback_query%22%5D
2026-08-30 08:16:12,430 | ERROR | telegram_gateway_application.utilities.utils_telegram.gateway_inbound | Telegram long polling request failed. Retrying...
Traceback (most recent call last):
  File "/telegram_gateway/telegram_gateway_application/utilities/utils_telegram/gateway_inbound.py", line 104, in poll_updates
  File "/usr/local/lib/python3.12/site-packages/requests/models.py", line 1024, in raise_for_status
    raise HTTPError(http_error_msg, response=self)
requests.exceptions.HTTPError: 404 Client Error: Not Found for url: https://api.telegram.org/botREPLACE_WITH_BOT_TOKEN/getUpdates?timeout=30&allowed_updates=%5B%22message%22%2C+%22callback_query%22%5D
2026-08-30 08:16:18,146 | ERROR | telegram_gateway_application.utilities.utils_telegram.gateway_inbound | Telegram long polling request failed. Retrying...
Traceback (most recent call last):
  File "/telegram_gateway/telegram_gateway_application/utilities/utils_telegram/gateway_inbound.py", line 104, in poll_updates
  File "/usr/local/lib/python3.12/site-packages/requests/models.py", line 1024, in raise_for_status
    raise HTTPError(http_error_msg, response=self)
requests.exceptions.HTTPError: 404 Client Error: Not Found for url: https://api.telegram.org/botREPLACE_WITH_BOT_TOKEN/getUpdates?timeout=30&allowed_updates=%5B%22message%22%2C+%22callback_query%22%5D
2026-08-30 08:16:23,877 | ERROR | telegram_gateway_application.utilities.utils_telegram.gateway_inbound | Telegram long polling request failed. Retrying...
Traceback (most recent call last):
  File "/telegram_gateway/telegram_gateway_application/utilities/utils_telegram/gateway_inbound.py", line 104, in poll_updates
  File "/usr/local/lib/python3.12/site-packages/requests/models.py", line 1024, in raise_for_status
    raise HTTPError(http_error_msg, response=self)
requests.exceptions.HTTPError: 404 Client Error: Not Found for url: https://api.telegram.org/botREPLACE_WITH_BOT_TOKEN/getUpdates?timeout=30&allowed_updates=%5B%22message%22%2C+%22callback_query%22%5D
2026-08-30 08:16:29,593 | ERROR | telegram_gateway_application.utilities.utils_telegram.gateway_inbound | Telegram long polling request failed. Retrying...
Traceback (most recent call last):
  File "/telegram_gateway/telegram_gateway_application/utilities/utils_telegram/gateway_inbound.py", line 104, in poll_updates
  File "/usr/local/lib/python3.12/site-packages/requests/models.py", line 1024, in raise_for_status
    raise HTTPError(http_error_msg, response=self)
requests.exceptions.HTTPError: 404 Client Error: Not Found for url: https://api.telegram.org/botREPLACE_WITH_BOT_TOKEN/getUpdates?timeout=30&allowed_updates=%5B%22message%22%2C+%22callback_query%22%5D
2026-08-30 08:16:35,309 | ERROR | telegram_gateway_application.utilities.utils_telegram.gateway_inbound | Telegram long polling request failed. Retrying...
Traceback (most recent call last):
  File "/telegram_gateway/telegram_gateway_application/utilities/utils_telegram/gateway_inbound.py", line 104, in poll_updates
  File "/usr/local/lib/python3.12/site-packages/requests/models.py", line 1024, in raise_for_status
    raise HTTPError(http_error_msg, response=self)
requests.exceptions.HTTPError: 404 Client Error: Not Found for url: https://api.telegram.org/botREPLACE_WITH_BOT_TOKEN/getUpdates?timeout=30&allowed_updates=%5B%22message%22%2C+%22callback_query%22%5D
2026-08-30 08:16:41,035 | ERROR | telegram_gateway_application.utilities.utils_telegram.gateway_inbound | Telegram long polling request failed. Retrying...
Traceback (most recent call last):
  File "/telegram_gateway/telegram_gateway_application/utilities/utils_telegram/gateway_inbound.py", line 104, in poll_updates
  File "/usr/local/lib/python3.12/site-packages/requests/models.py", line 1024, in raise_for_status
    raise HTTPError(http_error_msg, response=self)
requests.exceptions.HTTPError: 404 Client Error: Not Found for url: https://api.telegram.org/botREPLACE_WITH_BOT_TOKEN/getUpdates?timeout=30&allowed_updates=%5B%22message%22%2C+%22callback_query%22%5D
2026-08-30 08:16:46,741 | ERROR | telegram_gateway_application.utilities.utils_telegram.gateway_inbound | Telegram long polling request failed. Retrying...
Traceback (most recent call last):
  File "/telegram_gateway/telegram_gateway_application/utilities/utils_telegram/gateway_inbound.py", line 104, in poll_updates
  File "/usr/local/lib/python3.12/site-packages/requests/models.py", line 1024, in raise_for_status
    raise HTTPError(http_error_msg, response=self)
requests.exceptions.HTTPError: 404 Client Error: Not Found for url: https://api.telegram.org/botREPLACE_WITH_BOT_TOKEN/getUpdates?timeout=30&allowed_updates=%5B%22message%22%2C+%22callback_query%22%5D
2026-08-30 08:16:52,455 | ERROR | telegram_gateway_application.utilities.utils_telegram.gateway_inbound | Telegram long polling request failed. Retrying...
Traceback (most recent call last):
  File "/telegram_gateway/telegram_gateway_application/utilities/utils_telegram/gateway_inbound.py", line 104, in poll_updates
  File "/usr/local/lib/python3.12/site-packages/requests/models.py", line 1024, in raise_for_status
    raise HTTPError(http_error_msg, response=self)
requests.exceptions.HTTPError: 404 Client Error: Not Found for url: https://api.telegram.org/botREPLACE_WITH_BOT_TOKEN/getUpdates?timeout=30&allowed_updates=%5B%22message%22%2C+%22callback_query%22%5D
2026-08-30 08:16:58,159 | ERROR | telegram_gateway_application.utilities.utils_telegram.gateway_inbound | Telegram long polling request failed. Retrying...
Traceback (most recent call last):
  File "/telegram_gateway/telegram_gateway_application/utilities/utils_telegram/gateway_inbound.py", line 104, in poll_updates
  File "/usr/local/lib/python3.12/site-packages/requests/models.py", line 1024, in raise_for_status
    raise HTTPError(http_error_msg, response=self)
requests.exceptions.HTTPError: 404 Client Error: Not Found for url: https://api.telegram.org/botREPLACE_WITH_BOT_TOKEN/getUpdates?timeout=30&allowed_updates=%5B%22message%22%2C+%22callback_query%22%5D
2026-08-30 08:17:03,898 | ERROR | telegram_gateway_application.utilities.utils_telegram.gateway_inbound | Telegram long polling request failed. Retrying...
Traceback (most recent call last):
  File "/telegram_gateway/telegram_gateway_application/utilities/utils_telegram/gateway_inbound.py", line 104, in poll_updates
  File "/usr/local/lib/python3.12/site-packages/requests/models.py", line 1024, in raise_for_status
    raise HTTPError(http_error_msg, response=self)
requests.exceptions.HTTPError: 404 Client Error: Not Found for url: https://api.telegram.org/botREPLACE_WITH_BOT_TOKEN/getUpdates?timeout=30&allowed_updates=%5B%22message%22%2C+%22callback_query%22%5D
2026-08-30 08:17:09,623 | ERROR | telegram_gateway_application.utilities.utils_telegram.gateway_inbound | Telegram long polling request failed. Retrying...
Traceback (most recent call last):
  File "/telegram_gateway/telegram_gateway_application/utilities/utils_telegram/gateway_inbound.py", line 104, in poll_updates
  File "/usr/local/lib/python3.12/site-packages/requests/models.py", line 1024, in raise_for_status
    raise HTTPError(http_error_msg, response=self)
requests.exceptions.HTTPError: 404 Client Error: Not Found for url: https://api.telegram.org/botREPLACE_WITH_BOT_TOKEN/getUpdates?timeout=30&allowed_updates=%5B%22message%22%2C+%22callback_query%22%5D
2026-08-30 08:17:15,361 | ERROR | telegram_gateway_application.utilities.utils_telegram.gateway_inbound | Telegram long polling request failed. Retrying...
Traceback (most recent call last):
  File "/telegram_gateway/telegram_gateway_application/utilities/utils_telegram/gateway_inbound.py", line 104, in poll_updates
  File "/usr/local/lib/python3.12/site-packages/requests/models.py", line 1024, in raise_for_status
    raise HTTPError(http_error_msg, response=self)
requests.exceptions.HTTPError: 404 Client Error: Not Found for url: https://api.telegram.org/botREPLACE_WITH_BOT_TOKEN/getUpdates?timeout=30&allowed_updates=%5B%22message%22%2C+%22callback_query%22%5D
2026-08-30 08:17:21,091 | ERROR | telegram_gateway_application.utilities.utils_telegram.gateway_inbound | Telegram long polling request failed. Retrying...
Traceback (most recent call last):
  File "/telegram_gateway/telegram_gateway_application/utilities/utils_telegram/gateway_inbound.py", line 104, in poll_updates
  File "/usr/local/lib/python3.12/site-packages/requests/models.py", line 1024, in raise_for_status
    raise HTTPError(http_error_msg, response=self)
requests.exceptions.HTTPError: 404 Client Error: Not Found for url: https://api.telegram.org/botREPLACE_WITH_BOT_TOKEN/getUpdates?timeout=30&allowed_updates=%5B%22message%22%2C+%22callback_query%22%5D
2026-08-30 08:17:26,812 | ERROR | telegram_gateway_application.utilities.utils_telegram.gateway_inbound | Telegram long polling request failed. Retrying...
Traceback (most recent call last):
  File "/telegram_gateway/telegram_gateway_application/utilities/utils_telegram/gateway_inbound.py", line 104, in poll_updates
  File "/usr/local/lib/python3.12/site-packages/requests/models.py", line 1024, in raise_for_status
    raise HTTPError(http_error_msg, response=self)
requests.exceptions.HTTPError: 404 Client Error: Not Found for url: https://api.telegram.org/botREPLACE_WITH_BOT_TOKEN/getUpdates?timeout=30&allowed_updates=%5B%22message%22%2C+%22callback_query%22%5D
2026-08-30 08:17:32,527 | ERROR | telegram_gateway_application.utilities.utils_telegram.gateway_inbound | Telegram long polling request failed. Retrying...
Traceback (most recent call last):
  File "/telegram_gateway/telegram_gateway_application/utilities/utils_telegram/gateway_inbound.py", line 104, in poll_updates
  File "/usr/local/lib/python3.12/site-packages/requests/models.py", line 1024, in raise_for_status
    raise HTTPError(http_error_msg, response=self)
requests.exceptions.HTTPError: 404 Client Error: Not Found for url: https://api.telegram.org/botREPLACE_WITH_BOT_TOKEN/getUpdates?timeout=30&allowed_updates=%5B%22message%22%2C+%22callback_query%22%5D
2026-08-30 08:17:38,258 | ERROR | telegram_gateway_application.utilities.utils_telegram.gateway_inbound | Telegram long polling request failed. Retrying...
Traceback (most recent call last):
  File "/telegram_gateway/telegram_gateway_application/utilities/utils_telegram/gateway_inbound.py", line 104, in poll_updates
  File "/usr/local/lib/python3.12/site-packages/requests/models.py", line 1024, in raise_for_status
    raise HTTPError(http_error_msg, response=self)
requests.exceptions.HTTPError: 404 Client Error: Not Found for url: https://api.telegram.org/botREPLACE_WITH_BOT_TOKEN/getUpdates?timeout=30&allowed_updates=%5B%22message%22%2C+%22callback_query%22%5D
2026-08-30 08:17:43,995 | ERROR | telegram_gateway_application.utilities.utils_telegram.gateway_inbound | Telegram long polling request failed. Retrying...
Traceback (most recent call last):
  File "/telegram_gateway/telegram_gateway_application/utilities/utils_telegram/gateway_inbound.py", line 104, in poll_updates
  File "/usr/local/lib/python3.12/site-packages/requests/models.py", line 1024, in raise_for_status
    raise HTTPError(http_error_msg, response=self)
requests.exceptions.HTTPError: 404 Client Error: Not Found for url: https://api.telegram.org/botREPLACE_WITH_BOT_TOKEN/getUpdates?timeout=30&allowed_updates=%5B%22message%22%2C+%22callback_query%22%5D
2026-08-30 08:17:49,714 | ERROR | telegram_gateway_application.utilities.utils_telegram.gateway_inbound | Telegram long polling request failed. Retrying...
Traceback (most recent call last):
  File "/telegram_gateway/telegram_gateway_application/utilities/utils_telegram/gateway_inbound.py", line 104, in poll_updates
  File "/usr/local/lib/python3.12/site-packages/requests/models.py", line 1024, in raise_for_status
    raise HTTPError(http_error_msg, response=self)
requests.exceptions.HTTPError: 404 Client Error: Not Found for url: https://api.telegram.org/botREPLACE_WITH_BOT_TOKEN/getUpdates?timeout=30&allowed_updates=%5B%22message%22%2C+%22callback_query%22%5D
2026-08-30 08:17:55,452 | ERROR | telegram_gateway_application.utilities.utils_telegram.gateway_inbound | Telegram long polling request failed. Retrying...
Traceback (most recent call last):
  File "/telegram_gateway/telegram_gateway_application/utilities/utils_telegram/gateway_inbound.py", line 104, in poll_updates
  File "/usr/local/lib/python3.12/site-packages/requests/models.py", line 1024, in raise_for_status
    raise HTTPError(http_error_msg, response=self)
requests.exceptions.HTTPError: 404 Client Error: Not Found for url: https://api.telegram.org/botREPLACE_WITH_BOT_TOKEN/getUpdates?timeout=30&allowed_updates=%5B%22message%22%2C+%22callback_query%22%5D
2026-08-30 08:18:01,179 | ERROR | telegram_gateway_application.utilities.utils_telegram.gateway_inbound | Telegram long polling request failed. Retrying...
Traceback (most recent call last):
  File "/telegram_gateway/telegram_gateway_application/utilities/utils_telegram/gateway_inbound.py", line 104, in poll_updates
  File "/usr/local/lib/python3.12/site-packages/requests/models.py", line 1024, in raise_for_status
    raise HTTPError(http_error_msg, response=self)
requests.exceptions.HTTPError: 404 Client Error: Not Found for url: https://api.telegram.org/botREPLACE_WITH_BOT_TOKEN/getUpdates?timeout=30&allowed_updates=%5B%22message%22%2C+%22callback_query%22%5D
2026-08-30 08:18:06,919 | ERROR | telegram_gateway_application.utilities.utils_telegram.gateway_inbound | Telegram long polling request failed. Retrying...
Traceback (most recent call last):
  File "/telegram_gateway/telegram_gateway_application/utilities/utils_telegram/gateway_inbound.py", line 104, in poll_updates
  File "/usr/local/lib/python3.12/site-packages/requests/models.py", line 1024, in raise_for_status
    raise HTTPError(http_error_msg, response=self)
requests.exceptions.HTTPError: 404 Client Error: Not Found for url: https://api.telegram.org/botREPLACE_WITH_BOT_TOKEN/getUpdates?timeout=30&allowed_updates=%5B%22message%22%2C+%22callback_query%22%5D
2026-08-30 08:18:12,633 | ERROR | telegram_gateway_application.utilities.utils_telegram.gateway_inbound | Telegram long polling request failed. Retrying...
Traceback (most recent call last):
  File "/telegram_gateway/telegram_gateway_application/utilities/utils_telegram/gateway_inbound.py", line 104, in poll_updates
  File "/usr/local/lib/python3.12/site-packages/requests/models.py", line 1024, in raise_for_status
    raise HTTPError(http_error_msg, response=self)
requests.exceptions.HTTPError: 404 Client Error: Not Found for url: https://api.telegram.org/botREPLACE_WITH_BOT_TOKEN/getUpdates?timeout=30&allowed_updates=%5B%22message%22%2C+%22callback_query%22%5D
2026-08-30 08:18:18,343 | ERROR | telegram_gateway_application.utilities.utils_telegram.gateway_inbound | Telegram long polling request failed. Retrying...
Traceback (most recent call last):
  File "/telegram_gateway/telegram_gateway_application/utilities/utils_telegram/gateway_inbound.py", line 104, in poll_updates
  File "/usr/local/lib/python3.12/site-packages/requests/models.py", line 1024, in raise_for_status
    raise HTTPError(http_error_msg, response=self)
requests.exceptions.HTTPError: 404 Client Error: Not Found for url: https://api.telegram.org/botREPLACE_WITH_BOT_TOKEN/getUpdates?timeout=30&allowed_updates=%5B%22message%22%2C+%22callback_query%22%5D
2026-08-30 08:18:24,057 | ERROR | telegram_gateway_application.utilities.utils_telegram.gateway_inbound | Telegram long polling request failed. Retrying...
Traceback (most recent call last):
  File "/telegram_gateway/telegram_gateway_application/utilities/utils_telegram/gateway_inbound.py", line 104, in poll_updates
  File "/usr/local/lib/python3.12/site-packages/requests/models.py", line 1024, in raise_for_status
    raise HTTPError(http_error_msg, response=self)
requests.exceptions.HTTPError: 404 Client Error: Not Found for url: https://api.telegram.org/botREPLACE_WITH_BOT_TOKEN/getUpdates?timeout=30&allowed_updates=%5B%22message%22%2C+%22callback_query%22%5D
2026-08-30 08:18:29,770 | ERROR | telegram_gateway_application.utilities.utils_telegram.gateway_inbound | Telegram long polling request failed. Retrying...
Traceback (most recent call last):
  File "/telegram_gateway/telegram_gateway_application/utilities/utils_telegram/gateway_inbound.py", line 104, in poll_updates
  File "/usr/local/lib/python3.12/site-packages/requests/models.py", line 1024, in raise_for_status
    raise HTTPError(http_error_msg, response=self)
requests.exceptions.HTTPError: 404 Client Error: Not Found for url: https://api.telegram.org/botREPLACE_WITH_BOT_TOKEN/getUpdates?timeout=30&allowed_updates=%5B%22message%22%2C+%22callback_query%22%5D
2026-08-30 08:18:35,490 | ERROR | telegram_gateway_application.utilities.utils_telegram.gateway_inbound | Telegram long polling request failed. Retrying...
Traceback (most recent call last):
  File "/telegram_gateway/telegram_gateway_application/utilities/utils_telegram/gateway_inbound.py", line 104, in poll_updates
  File "/usr/local/lib/python3.12/site-packages/requests/models.py", line 1024, in raise_for_status
    raise HTTPError(http_error_msg, response=self)
requests.exceptions.HTTPError: 404 Client Error: Not Found for url: https://api.telegram.org/botREPLACE_WITH_BOT_TOKEN/getUpdates?timeout=30&allowed_updates=%5B%22message%22%2C+%22callback_query%22%5D
2026-08-30 08:18:41,206 | ERROR | telegram_gateway_application.utilities.utils_telegram.gateway_inbound | Telegram long polling request failed. Retrying...
Traceback (most recent call last):
  File "/telegram_gateway/telegram_gateway_application/utilities/utils_telegram/gateway_inbound.py", line 104, in poll_updates
  File "/usr/local/lib/python3.12/site-packages/requests/models.py", line 1024, in raise_for_status
    raise HTTPError(http_error_msg, response=self)
requests.exceptions.HTTPError: 404 Client Error: Not Found for url: https://api.telegram.org/botREPLACE_WITH_BOT_TOKEN/getUpdates?timeout=30&allowed_updates=%5B%22message%22%2C+%22callback_query%22%5D
2026-08-30 08:18:46,922 | ERROR | telegram_gateway_application.utilities.utils_telegram.gateway_inbound | Telegram long polling request failed. Retrying...
Traceback (most recent call last):
  File "/telegram_gateway/telegram_gateway_application/utilities/utils_telegram/gateway_inbound.py", line 104, in poll_updates
  File "/usr/local/lib/python3.12/site-packages/requests/models.py", line 1024, in raise_for_status
    raise HTTPError(http_error_msg, response=self)
requests.exceptions.HTTPError: 404 Client Error: Not Found for url: https://api.telegram.org/botREPLACE_WITH_BOT_TOKEN/getUpdates?timeout=30&allowed_updates=%5B%22message%22%2C+%22callback_query%22%5D
2026-08-30 08:18:52,627 | ERROR | telegram_gateway_application.utilities.utils_telegram.gateway_inbound | Telegram long polling request failed. Retrying...
Traceback (most recent call last):
  File "/telegram_gateway/telegram_gateway_application/utilities/utils_telegram/gateway_inbound.py", line 104, in poll_updates
  File "/usr/local/lib/python3.12/site-packages/requests/models.py", line 1024, in raise_for_status
    raise HTTPError(http_error_msg, response=self)
requests.exceptions.HTTPError: 404 Client Error: Not Found for url: https://api.telegram.org/botREPLACE_WITH_BOT_TOKEN/getUpdates?timeout=30&allowed_updates=%5B%22message%22%2C+%22callback_query%22%5D
2026-08-30 08:18:58,358 | ERROR | telegram_gateway_application.utilities.utils_telegram.gateway_inbound | Telegram long polling request failed. Retrying...
Traceback (most recent call last):
  File "/telegram_gateway/telegram_gateway_application/utilities/utils_telegram/gateway_inbound.py", line 104, in poll_updates
  File "/usr/local/lib/python3.12/site-packages/requests/models.py", line 1024, in raise_for_status
    raise HTTPError(http_error_msg, response=self)
requests.exceptions.HTTPError: 404 Client Error: Not Found for url: https://api.telegram.org/botREPLACE_WITH_BOT_TOKEN/getUpdates?timeout=30&allowed_updates=%5B%22message%22%2C+%22callback_query%22%5D
2026-08-30 08:19:04,080 | ERROR | telegram_gateway_application.utilities.utils_telegram.gateway_inbound | Telegram long polling request failed. Retrying...
Traceback (most recent call last):
  File "/telegram_gateway/telegram_gateway_application/utilities/utils_telegram/gateway_inbound.py", line 104, in poll_updates
  File "/usr/local/lib/python3.12/site-packages/requests/models.py", line 1024, in raise_for_status
    raise HTTPError(http_error_msg, response=self)
requests.exceptions.HTTPError: 404 Client Error: Not Found for url: https://api.telegram.org/botREPLACE_WITH_BOT_TOKEN/getUpdates?timeout=30&allowed_updates=%5B%22message%22%2C+%22callback_query%22%5D
2026-08-30 08:19:09,823 | ERROR | telegram_gateway_application.utilities.utils_telegram.gateway_inbound | Telegram long polling request failed. Retrying...
Traceback (most recent call last):
  File "/telegram_gateway/telegram_gateway_application/utilities/utils_telegram/gateway_inbound.py", line 104, in poll_updates
    polling loop alive.
  File "/usr/local/lib/python3.12/site-packages/requests/models.py", line 1024, in raise_for_status
    raise HTTPError(http_error_msg, response=self)
requests.exceptions.HTTPError: 404 Client Error: Not Found for url: https://api.telegram.org/botREPLACE_WITH_BOT_TOKEN/getUpdates?timeout=30&allowed_updates=%5B%22message%22%2C+%22callback_query%22%5D
2026-08-30 08:19:15,557 | ERROR | telegram_gateway_application.utilities.utils_telegram.gateway_inbound | Telegram long polling request failed. Retrying...
Traceback (most recent call last):
  File "/telegram_gateway/telegram_gateway_application/utilities/utils_telegram/gateway_inbound.py", line 104, in poll_updates
    None:
        ^^
  File "/usr/local/lib/python3.12/site-packages/requests/models.py", line 1024, in raise_for_status
    raise HTTPError(http_error_msg, response=self)
requests.exceptions.HTTPError: 404 Client Error: Not Found for url: https://api.telegram.org/botREPLACE_WITH_BOT_TOKEN/getUpdates?timeout=30&allowed_updates=%5B%22message%22%2C+%22callback_query%22%5D
2026-08-30 08:19:21,279 | ERROR | telegram_gateway_application.utilities.utils_telegram.gateway_inbound | Telegram long polling request failed. Retrying...
Traceback (most recent call last):
  File "/telegram_gateway/telegram_gateway_application/utilities/utils_telegram/gateway_inbound.py", line 104, in poll_updates
    None:
        ^^
  File "/usr/local/lib/python3.12/site-packages/requests/models.py", line 1024, in raise_for_status
    raise HTTPError(http_error_msg, response=self)
requests.exceptions.HTTPError: 404 Client Error: Not Found for url: https://api.telegram.org/botREPLACE_WITH_BOT_TOKEN/getUpdates?timeout=30&allowed_updates=%5B%22message%22%2C+%22callback_query%22%5D
2026-08-30 08:19:26,996 | ERROR | telegram_gateway_application.utilities.utils_telegram.gateway_inbound | Telegram long polling request failed. Retrying...
Traceback (most recent call last):
  File "/telegram_gateway/telegram_gateway_application/utilities/utils_telegram/gateway_inbound.py", line 104, in poll_updates
    None:
        ^^
  File "/usr/local/lib/python3.12/site-packages/requests/models.py", line 1024, in raise_for_status
    raise HTTPError(http_error_msg, response=self)
requests.exceptions.HTTPError: 404 Client Error: Not Found for url: https://api.telegram.org/botREPLACE_WITH_BOT_TOKEN/getUpdates?timeout=30&allowed_updates=%5B%22message%22%2C+%22callback_query%22%5D
2026-08-30 08:19:32,724 | ERROR | telegram_gateway_application.utilities.utils_telegram.gateway_inbound | Telegram long polling request failed. Retrying...
Traceback (most recent call last):
  File "/telegram_gateway/telegram_gateway_application/utilities/utils_telegram/gateway_inbound.py", line 104, in poll_updates
    None:
        ^^
  File "/usr/local/lib/python3.12/site-packages/requests/models.py", line 1024, in raise_for_status
    raise HTTPError(http_error_msg, response=self)
requests.exceptions.HTTPError: 404 Client Error: Not Found for url: https://api.telegram.org/botREPLACE_WITH_BOT_TOKEN/getUpdates?timeout=30&allowed_updates=%5B%22message%22%2C+%22callback_query%22%5D
2026-08-30 08:19:38,451 | ERROR | telegram_gateway_application.utilities.utils_telegram.gateway_inbound | Telegram long polling request failed. Retrying...
Traceback (most recent call last):
  File "/telegram_gateway/telegram_gateway_application/utilities/utils_telegram/gateway_inbound.py", line 104, in poll_updates
    None:
        ^^
  File "/usr/local/lib/python3.12/site-packages/requests/models.py", line 1024, in raise_for_status
    raise HTTPError(http_error_msg, response=self)
requests.exceptions.HTTPError: 404 Client Error: Not Found for url: https://api.telegram.org/botREPLACE_WITH_BOT_TOKEN/getUpdates?timeout=30&allowed_updates=%5B%22message%22%2C+%22callback_query%22%5D
2026-08-30 08:19:44,201 | ERROR | telegram_gateway_application.utilities.utils_telegram.gateway_inbound | Telegram long polling request failed. Retrying...
Traceback (most recent call last):
  File "/telegram_gateway/telegram_gateway_application/utilities/utils_telegram/gateway_inbound.py", line 104, in poll_updates
    None:
        ^^
  File "/usr/local/lib/python3.12/site-packages/requests/models.py", line 1024, in raise_for_status
    raise HTTPError(http_error_msg, response=self)
requests.exceptions.HTTPError: 404 Client Error: Not Found for url: https://api.telegram.org/botREPLACE_WITH_BOT_TOKEN/getUpdates?timeout=30&allowed_updates=%5B%22message%22%2C+%22callback_query%22%5D
2026-08-30 08:19:49,943 | ERROR | telegram_gateway_application.utilities.utils_telegram.gateway_inbound | Telegram long polling request failed. Retrying...
Traceback (most recent call last):
  File "/telegram_gateway/telegram_gateway_application/utilities/utils_telegram/gateway_inbound.py", line 104, in poll_updates
    None:
        ^^
  File "/usr/local/lib/python3.12/site-packages/requests/models.py", line 1024, in raise_for_status
    raise HTTPError(http_error_msg, response=self)
requests.exceptions.HTTPError: 404 Client Error: Not Found for url: https://api.telegram.org/botREPLACE_WITH_BOT_TOKEN/getUpdates?timeout=30&allowed_updates=%5B%22message%22%2C+%22callback_query%22%5D
2026-08-30 08:19:55,660 | ERROR | telegram_gateway_application.utilities.utils_telegram.gateway_inbound | Telegram long polling request failed. Retrying...
Traceback (most recent call last):
  File "/telegram_gateway/telegram_gateway_application/utilities/utils_telegram/gateway_inbound.py", line 104, in poll_updates
    None:
        ^^
  File "/usr/local/lib/python3.12/site-packages/requests/models.py", line 1024, in raise_for_status
    raise HTTPError(http_error_msg, response=self)
requests.exceptions.HTTPError: 404 Client Error: Not Found for url: https://api.telegram.org/botREPLACE_WITH_BOT_TOKEN/getUpdates?timeout=30&allowed_updates=%5B%22message%22%2C+%22callback_query%22%5D
2026-08-30 08:20:01,378 | ERROR | telegram_gateway_application.utilities.utils_telegram.gateway_inbound | Telegram long polling request failed. Retrying...
Traceback (most recent call last):
  File "/telegram_gateway/telegram_gateway_application/utilities/utils_telegram/gateway_inbound.py", line 104, in poll_updates
    None:
        ^^
  File "/usr/local/lib/python3.12/site-packages/requests/models.py", line 1024, in raise_for_status
    raise HTTPError(http_error_msg, response=self)
requests.exceptions.HTTPError: 404 Client Error: Not Found for url: https://api.telegram.org/botREPLACE_WITH_BOT_TOKEN/getUpdates?timeout=30&allowed_updates=%5B%22message%22%2C+%22callback_query%22%5D
2026-08-30 08:20:07,097 | ERROR | telegram_gateway_application.utilities.utils_telegram.gateway_inbound | Telegram long polling request failed. Retrying...
Traceback (most recent call last):
  File "/telegram_gateway/telegram_gateway_application/utilities/utils_telegram/gateway_inbound.py", line 104, in poll_updates
    None:
        ^^
  File "/usr/local/lib/python3.12/site-packages/requests/models.py", line 1024, in raise_for_status
    raise HTTPError(http_error_msg, response=self)
requests.exceptions.HTTPError: 404 Client Error: Not Found for url: https://api.telegram.org/botREPLACE_WITH_BOT_TOKEN/getUpdates?timeout=30&allowed_updates=%5B%22message%22%2C+%22callback_query%22%5D
2026-08-30 08:20:12,814 | ERROR | telegram_gateway_application.utilities.utils_telegram.gateway_inbound | Telegram long polling request failed. Retrying...
Traceback (most recent call last):
  File "/telegram_gateway/telegram_gateway_application/utilities/utils_telegram/gateway_inbound.py", line 104, in poll_updates
    None:
        ^^
  File "/usr/local/lib/python3.12/site-packages/requests/models.py", line 1024, in raise_for_status
    raise HTTPError(http_error_msg, response=self)
requests.exceptions.HTTPError: 404 Client Error: Not Found for url: https://api.telegram.org/botREPLACE_WITH_BOT_TOKEN/getUpdates?timeout=30&allowed_updates=%5B%22message%22%2C+%22callback_query%22%5D
2026-08-30 08:20:18,513 | ERROR | telegram_gateway_application.utilities.utils_telegram.gateway_inbound | Telegram long polling request failed. Retrying...
Traceback (most recent call last):
  File "/telegram_gateway/telegram_gateway_application/utilities/utils_telegram/gateway_inbound.py", line 104, in poll_updates
    None:
        ^^
  File "/usr/local/lib/python3.12/site-packages/requests/models.py", line 1024, in raise_for_status
    raise HTTPError(http_error_msg, response=self)
requests.exceptions.HTTPError: 404 Client Error: Not Found for url: https://api.telegram.org/botREPLACE_WITH_BOT_TOKEN/getUpdates?timeout=30&allowed_updates=%5B%22message%22%2C+%22callback_query%22%5D
2026-08-30 08:20:24,227 | ERROR | telegram_gateway_application.utilities.utils_telegram.gateway_inbound | Telegram long polling request failed. Retrying...
Traceback (most recent call last):
  File "/telegram_gateway/telegram_gateway_application/utilities/utils_telegram/gateway_inbound.py", line 104, in poll_updates
    None:
        ^^
  File "/usr/local/lib/python3.12/site-packages/requests/models.py", line 1024, in raise_for_status
    raise HTTPError(http_error_msg, response=self)
requests.exceptions.HTTPError: 404 Client Error: Not Found for url: https://api.telegram.org/botREPLACE_WITH_BOT_TOKEN/getUpdates?timeout=30&allowed_updates=%5B%22message%22%2C+%22callback_query%22%5D
2026-08-30 08:20:29,970 | ERROR | telegram_gateway_application.utilities.utils_telegram.gateway_inbound | Telegram long polling request failed. Retrying...
Traceback (most recent call last):
  File "/telegram_gateway/telegram_gateway_application/utilities/utils_telegram/gateway_inbound.py", line 104, in poll_updates
    None:
        ^^
  File "/usr/local/lib/python3.12/site-packages/requests/models.py", line 1024, in raise_for_status
    raise HTTPError(http_error_msg, response=self)
requests.exceptions.HTTPError: 404 Client Error: Not Found for url: https://api.telegram.org/botREPLACE_WITH_BOT_TOKEN/getUpdates?timeout=30&allowed_updates=%5B%22message%22%2C+%22callback_query%22%5D
2026-08-30 08:20:35,696 | ERROR | telegram_gateway_application.utilities.utils_telegram.gateway_inbound | Telegram long polling request failed. Retrying...
Traceback (most recent call last):
  File "/telegram_gateway/telegram_gateway_application/utilities/utils_telegram/gateway_inbound.py", line 104, in poll_updates
    None:
        ^^
  File "/usr/local/lib/python3.12/site-packages/requests/models.py", line 1024, in raise_for_status
    raise HTTPError(http_error_msg, response=self)
requests.exceptions.HTTPError: 404 Client Error: Not Found for url: https://api.telegram.org/botREPLACE_WITH_BOT_TOKEN/getUpdates?timeout=30&allowed_updates=%5B%22message%22%2C+%22callback_query%22%5D
2026-08-30 08:20:41,424 | ERROR | telegram_gateway_application.utilities.utils_telegram.gateway_inbound | Telegram long polling request failed. Retrying...
Traceback (most recent call last):
  File "/telegram_gateway/telegram_gateway_application/utilities/utils_telegram/gateway_inbound.py", line 104, in poll_updates
    None:
        ^^
  File "/usr/local/lib/python3.12/site-packages/requests/models.py", line 1024, in raise_for_status
    raise HTTPError(http_error_msg, response=self)
requests.exceptions.HTTPError: 404 Client Error: Not Found for url: https://api.telegram.org/botREPLACE_WITH_BOT_TOKEN/getUpdates?timeout=30&allowed_updates=%5B%22message%22%2C+%22callback_query%22%5D
2026-08-30 08:20:47,154 | ERROR | telegram_gateway_application.utilities.utils_telegram.gateway_inbound | Telegram long polling request failed. Retrying...
Traceback (most recent call last):
  File "/telegram_gateway/telegram_gateway_application/utilities/utils_telegram/gateway_inbound.py", line 104, in poll_updates
    None:
        ^^
  File "/usr/local/lib/python3.12/site-packages/requests/models.py", line 1024, in raise_for_status
    raise HTTPError(http_error_msg, response=self)
requests.exceptions.HTTPError: 404 Client Error: Not Found for url: https://api.telegram.org/botREPLACE_WITH_BOT_TOKEN/getUpdates?timeout=30&allowed_updates=%5B%22message%22%2C+%22callback_query%22%5D
2026-08-30 08:20:52,881 | ERROR | telegram_gateway_application.utilities.utils_telegram.gateway_inbound | Telegram long polling request failed. Retrying...
Traceback (most recent call last):
  File "/telegram_gateway/telegram_gateway_application/utilities/utils_telegram/gateway_inbound.py", line 104, in poll_updates
    None:
        ^^
  File "/usr/local/lib/python3.12/site-packages/requests/models.py", line 1024, in raise_for_status
    raise HTTPError(http_error_msg, response=self)
requests.exceptions.HTTPError: 404 Client Error: Not Found for url: https://api.telegram.org/botREPLACE_WITH_BOT_TOKEN/getUpdates?timeout=30&allowed_updates=%5B%22message%22%2C+%22callback_query%22%5D
2026-08-30 08:20:58,600 | ERROR | telegram_gateway_application.utilities.utils_telegram.gateway_inbound | Telegram long polling request failed. Retrying...
Traceback (most recent call last):
  File "/telegram_gateway/telegram_gateway_application/utilities/utils_telegram/gateway_inbound.py", line 104, in poll_updates
    None:
        ^^
  File "/usr/local/lib/python3.12/site-packages/requests/models.py", line 1024, in raise_for_status
    raise HTTPError(http_error_msg, response=self)
requests.exceptions.HTTPError: 404 Client Error: Not Found for url: https://api.telegram.org/botREPLACE_WITH_BOT_TOKEN/getUpdates?timeout=30&allowed_updates=%5B%22message%22%2C+%22callback_query%22%5D
2026-08-30 08:21:04,349 | ERROR | telegram_gateway_application.utilities.utils_telegram.gateway_inbound | Telegram long polling request failed. Retrying...
Traceback (most recent call last):
  File "/telegram_gateway/telegram_gateway_application/utilities/utils_telegram/gateway_inbound.py", line 104, in poll_updates
    None:
        ^^
  File "/usr/local/lib/python3.12/site-packages/requests/models.py", line 1024, in raise_for_status
    raise HTTPError(http_error_msg, response=self)
requests.exceptions.HTTPError: 404 Client Error: Not Found for url: https://api.telegram.org/botREPLACE_WITH_BOT_TOKEN/getUpdates?timeout=30&allowed_updates=%5B%22message%22%2C+%22callback_query%22%5D
2026-08-30 08:21:10,070 | ERROR | telegram_gateway_application.utilities.utils_telegram.gateway_inbound | Telegram long polling request failed. Retrying...
Traceback (most recent call last):
  File "/telegram_gateway/telegram_gateway_application/utilities/utils_telegram/gateway_inbound.py", line 104, in poll_updates
    None:
        ^^
  File "/usr/local/lib/python3.12/site-packages/requests/models.py", line 1024, in raise_for_status
    raise HTTPError(http_error_msg, response=self)
requests.exceptions.HTTPError: 404 Client Error: Not Found for url: https://api.telegram.org/botREPLACE_WITH_BOT_TOKEN/getUpdates?timeout=30&allowed_updates=%5B%22message%22%2C+%22callback_query%22%5D
2026-08-30 08:21:15,813 | ERROR | telegram_gateway_application.utilities.utils_telegram.gateway_inbound | Telegram long polling request failed. Retrying...
Traceback (most recent call last):
  File "/telegram_gateway/telegram_gateway_application/utilities/utils_telegram/gateway_inbound.py", line 104, in poll_updates
    None:
        ^^
  File "/usr/local/lib/python3.12/site-packages/requests/models.py", line 1024, in raise_for_status
    raise HTTPError(http_error_msg, response=self)
requests.exceptions.HTTPError: 404 Client Error: Not Found for url: https://api.telegram.org/botREPLACE_WITH_BOT_TOKEN/getUpdates?timeout=30&allowed_updates=%5B%22message%22%2C+%22callback_query%22%5D
2026-08-30 08:21:21,532 | ERROR | telegram_gateway_application.utilities.utils_telegram.gateway_inbound | Telegram long polling request failed. Retrying...
Traceback (most recent call last):
  File "/telegram_gateway/telegram_gateway_application/utilities/utils_telegram/gateway_inbound.py", line 104, in poll_updates
    None:
        ^^
  File "/usr/local/lib/python3.12/site-packages/requests/models.py", line 1024, in raise_for_status
    raise HTTPError(http_error_msg, response=self)
requests.exceptions.HTTPError: 404 Client Error: Not Found for url: https://api.telegram.org/botREPLACE_WITH_BOT_TOKEN/getUpdates?timeout=30&allowed_updates=%5B%22message%22%2C+%22callback_query%22%5D
2026-08-30 08:21:27,254 | ERROR | telegram_gateway_application.utilities.utils_telegram.gateway_inbound | Telegram long polling request failed. Retrying...
Traceback (most recent call last):
  File "/telegram_gateway/telegram_gateway_application/utilities/utils_telegram/gateway_inbound.py", line 104, in poll_updates
    None:
        ^^
  File "/usr/local/lib/python3.12/site-packages/requests/models.py", line 1024, in raise_for_status
    raise HTTPError(http_error_msg, response=self)
requests.exceptions.HTTPError: 404 Client Error: Not Found for url: https://api.telegram.org/botREPLACE_WITH_BOT_TOKEN/getUpdates?timeout=30&allowed_updates=%5B%22message%22%2C+%22callback_query%22%5D
2026-08-30 08:21:32,974 | ERROR | telegram_gateway_application.utilities.utils_telegram.gateway_inbound | Telegram long polling request failed. Retrying...
Traceback (most recent call last):
  File "/telegram_gateway/telegram_gateway_application/utilities/utils_telegram/gateway_inbound.py", line 104, in poll_updates
    None:
        ^^
  File "/usr/local/lib/python3.12/site-packages/requests/models.py", line 1024, in raise_for_status
    raise HTTPError(http_error_msg, response=self)
requests.exceptions.HTTPError: 404 Client Error: Not Found for url: https://api.telegram.org/botREPLACE_WITH_BOT_TOKEN/getUpdates?timeout=30&allowed_updates=%5B%22message%22%2C+%22callback_query%22%5D
2026-08-30 08:21:38,693 | ERROR | telegram_gateway_application.utilities.utils_telegram.gateway_inbound | Telegram long polling request failed. Retrying...
Traceback (most recent call last):
  File "/telegram_gateway/telegram_gateway_application/utilities/utils_telegram/gateway_inbound.py", line 104, in poll_updates
    None:
        ^^
  File "/usr/local/lib/python3.12/site-packages/requests/models.py", line 1024, in raise_for_status
    raise HTTPError(http_error_msg, response=self)
requests.exceptions.HTTPError: 404 Client Error: Not Found for url: https://api.telegram.org/botREPLACE_WITH_BOT_TOKEN/getUpdates?timeout=30&allowed_updates=%5B%22message%22%2C+%22callback_query%22%5D
2026-08-30 08:21:44,425 | ERROR | telegram_gateway_application.utilities.utils_telegram.gateway_inbound | Telegram long polling request failed. Retrying...
Traceback (most recent call last):
  File "/telegram_gateway/telegram_gateway_application/utilities/utils_telegram/gateway_inbound.py", line 104, in poll_updates
    None:
        ^^
  File "/usr/local/lib/python3.12/site-packages/requests/models.py", line 1024, in raise_for_status
    raise HTTPError(http_error_msg, response=self)
requests.exceptions.HTTPError: 404 Client Error: Not Found for url: https://api.telegram.org/botREPLACE_WITH_BOT_TOKEN/getUpdates?timeout=30&allowed_updates=%5B%22message%22%2C+%22callback_query%22%5D
2026-08-30 08:21:50,144 | ERROR | telegram_gateway_application.utilities.utils_telegram.gateway_inbound | Telegram long polling request failed. Retrying...
Traceback (most recent call last):
  File "/telegram_gateway/telegram_gateway_application/utilities/utils_telegram/gateway_inbound.py", line 104, in poll_updates
    None:
        ^^
  File "/usr/local/lib/python3.12/site-packages/requests/models.py", line 1024, in raise_for_status
    raise HTTPError(http_error_msg, response=self)
requests.exceptions.HTTPError: 404 Client Error: Not Found for url: https://api.telegram.org/botREPLACE_WITH_BOT_TOKEN/getUpdates?timeout=30&allowed_updates=%5B%22message%22%2C+%22callback_query%22%5D
2026-08-30 08:21:55,869 | ERROR | telegram_gateway_application.utilities.utils_telegram.gateway_inbound | Telegram long polling request failed. Retrying...
Traceback (most recent call last):
  File "/telegram_gateway/telegram_gateway_application/utilities/utils_telegram/gateway_inbound.py", line 104, in poll_updates
    None:
        ^^
  File "/usr/local/lib/python3.12/site-packages/requests/models.py", line 1024, in raise_for_status
    raise HTTPError(http_error_msg, response=self)
requests.exceptions.HTTPError: 404 Client Error: Not Found for url: https://api.telegram.org/botREPLACE_WITH_BOT_TOKEN/getUpdates?timeout=30&allowed_updates=%5B%22message%22%2C+%22callback_query%22%5D
2026-08-30 08:22:01,602 | ERROR | telegram_gateway_application.utilities.utils_telegram.gateway_inbound | Telegram long polling request failed. Retrying...
Traceback (most recent call last):
  File "/telegram_gateway/telegram_gateway_application/utilities/utils_telegram/gateway_inbound.py", line 104, in poll_updates
    None:
        ^^
  File "/usr/local/lib/python3.12/site-packages/requests/models.py", line 1024, in raise_for_status
    raise HTTPError(http_error_msg, response=self)
requests.exceptions.HTTPError: 404 Client Error: Not Found for url: https://api.telegram.org/botREPLACE_WITH_BOT_TOKEN/getUpdates?timeout=30&allowed_updates=%5B%22message%22%2C+%22callback_query%22%5D
2026-08-30 08:22:07,319 | ERROR | telegram_gateway_application.utilities.utils_telegram.gateway_inbound | Telegram long polling request failed. Retrying...
Traceback (most recent call last):
  File "/telegram_gateway/telegram_gateway_application/utilities/utils_telegram/gateway_inbound.py", line 104, in poll_updates
    None:
        ^^
  File "/usr/local/lib/python3.12/site-packages/requests/models.py", line 1024, in raise_for_status
    raise HTTPError(http_error_msg, response=self)
requests.exceptions.HTTPError: 404 Client Error: Not Found for url: https://api.telegram.org/botREPLACE_WITH_BOT_TOKEN/getUpdates?timeout=30&allowed_updates=%5B%22message%22%2C+%22callback_query%22%5D
2026-08-30 08:22:13,031 | ERROR | telegram_gateway_application.utilities.utils_telegram.gateway_inbound | Telegram long polling request failed. Retrying...
Traceback (most recent call last):
  File "/telegram_gateway/telegram_gateway_application/utilities/utils_telegram/gateway_inbound.py", line 104, in poll_updates
    None:
        ^^
  File "/usr/local/lib/python3.12/site-packages/requests/models.py", line 1024, in raise_for_status
    raise HTTPError(http_error_msg, response=self)
requests.exceptions.HTTPError: 404 Client Error: Not Found for url: https://api.telegram.org/botREPLACE_WITH_BOT_TOKEN/getUpdates?timeout=30&allowed_updates=%5B%22message%22%2C+%22callback_query%22%5D
2026-08-30 08:22:18,744 | ERROR | telegram_gateway_application.utilities.utils_telegram.gateway_inbound | Telegram long polling request failed. Retrying...
Traceback (most recent call last):
  File "/telegram_gateway/telegram_gateway_application/utilities/utils_telegram/gateway_inbound.py", line 104, in poll_updates
    None:
        ^^
  File "/usr/local/lib/python3.12/site-packages/requests/models.py", line 1024, in raise_for_status
    raise HTTPError(http_error_msg, response=self)
requests.exceptions.HTTPError: 404 Client Error: Not Found for url: https://api.telegram.org/botREPLACE_WITH_BOT_TOKEN/getUpdates?timeout=30&allowed_updates=%5B%22message%22%2C+%22callback_query%22%5D
2026-08-30 08:22:24,464 | ERROR | telegram_gateway_application.utilities.utils_telegram.gateway_inbound | Telegram long polling request failed. Retrying...
Traceback (most recent call last):
  File "/telegram_gateway/telegram_gateway_application/utilities/utils_telegram/gateway_inbound.py", line 104, in poll_updates
    None:
        ^^
  File "/usr/local/lib/python3.12/site-packages/requests/models.py", line 1024, in raise_for_status
    raise HTTPError(http_error_msg, response=self)
requests.exceptions.HTTPError: 404 Client Error: Not Found for url: https://api.telegram.org/botREPLACE_WITH_BOT_TOKEN/getUpdates?timeout=30&allowed_updates=%5B%22message%22%2C+%22callback_query%22%5D
2026-08-30 08:22:30,184 | ERROR | telegram_gateway_application.utilities.utils_telegram.gateway_inbound | Telegram long polling request failed. Retrying...
Traceback (most recent call last):
  File "/telegram_gateway/telegram_gateway_application/utilities/utils_telegram/gateway_inbound.py", line 104, in poll_updates
    None:
        ^^
  File "/usr/local/lib/python3.12/site-packages/requests/models.py", line 1024, in raise_for_status
    raise HTTPError(http_error_msg, response=self)
requests.exceptions.HTTPError: 404 Client Error: Not Found for url: https://api.telegram.org/botREPLACE_WITH_BOT_TOKEN/getUpdates?timeout=30&allowed_updates=%5B%22message%22%2C+%22callback_query%22%5D
2026-08-30 08:22:35,900 | ERROR | telegram_gateway_application.utilities.utils_telegram.gateway_inbound | Telegram long polling request failed. Retrying...
Traceback (most recent call last):
  File "/telegram_gateway/telegram_gateway_application/utilities/utils_telegram/gateway_inbound.py", line 104, in poll_updates
    None:
        ^^
  File "/usr/local/lib/python3.12/site-packages/requests/models.py", line 1024, in raise_for_status
    raise HTTPError(http_error_msg, response=self)
requests.exceptions.HTTPError: 404 Client Error: Not Found for url: https://api.telegram.org/botREPLACE_WITH_BOT_TOKEN/getUpdates?timeout=30&allowed_updates=%5B%22message%22%2C+%22callback_query%22%5D
2026-08-30 08:22:41,603 | ERROR | telegram_gateway_application.utilities.utils_telegram.gateway_inbound | Telegram long polling request failed. Retrying...
Traceback (most recent call last):
  File "/telegram_gateway/telegram_gateway_application/utilities/utils_telegram/gateway_inbound.py", line 104, in poll_updates
    None:
        ^^
  File "/usr/local/lib/python3.12/site-packages/requests/models.py", line 1024, in raise_for_status
    raise HTTPError(http_error_msg, response=self)
requests.exceptions.HTTPError: 404 Client Error: Not Found for url: https://api.telegram.org/botREPLACE_WITH_BOT_TOKEN/getUpdates?timeout=30&allowed_updates=%5B%22message%22%2C+%22callback_query%22%5D
2026-08-30 08:22:47,328 | ERROR | telegram_gateway_application.utilities.utils_telegram.gateway_inbound | Telegram long polling request failed. Retrying...
Traceback (most recent call last):
  File "/telegram_gateway/telegram_gateway_application/utilities/utils_telegram/gateway_inbound.py", line 104, in poll_updates
    None:
        ^^
  File "/usr/local/lib/python3.12/site-packages/requests/models.py", line 1024, in raise_for_status
    raise HTTPError(http_error_msg, response=self)
requests.exceptions.HTTPError: 404 Client Error: Not Found for url: https://api.telegram.org/botREPLACE_WITH_BOT_TOKEN/getUpdates?timeout=30&allowed_updates=%5B%22message%22%2C+%22callback_query%22%5D
2026-08-30 08:22:53,036 | ERROR | telegram_gateway_application.utilities.utils_telegram.gateway_inbound | Telegram long polling request failed. Retrying...
Traceback (most recent call last):
  File "/telegram_gateway/telegram_gateway_application/utilities/utils_telegram/gateway_inbound.py", line 104, in poll_updates
    None:
        ^^
  File "/usr/local/lib/python3.12/site-packages/requests/models.py", line 1024, in raise_for_status
    raise HTTPError(http_error_msg, response=self)
requests.exceptions.HTTPError: 404 Client Error: Not Found for url: https://api.telegram.org/botREPLACE_WITH_BOT_TOKEN/getUpdates?timeout=30&allowed_updates=%5B%22message%22%2C+%22callback_query%22%5D
2026-08-30 08:22:58,740 | ERROR | telegram_gateway_application.utilities.utils_telegram.gateway_inbound | Telegram long polling request failed. Retrying...
Traceback (most recent call last):
  File "/telegram_gateway/telegram_gateway_application/utilities/utils_telegram/gateway_inbound.py", line 104, in poll_updates
    None:
        ^^
  File "/usr/local/lib/python3.12/site-packages/requests/models.py", line 1024, in raise_for_status
    raise HTTPError(http_error_msg, response=self)
requests.exceptions.HTTPError: 404 Client Error: Not Found for url: https://api.telegram.org/botREPLACE_WITH_BOT_TOKEN/getUpdates?timeout=30&allowed_updates=%5B%22message%22%2C+%22callback_query%22%5D
2026-08-30 08:23:04,461 | ERROR | telegram_gateway_application.utilities.utils_telegram.gateway_inbound | Telegram long polling request failed. Retrying...
Traceback (most recent call last):
  File "/telegram_gateway/telegram_gateway_application/utilities/utils_telegram/gateway_inbound.py", line 104, in poll_updates
    None:
        ^^
  File "/usr/local/lib/python3.12/site-packages/requests/models.py", line 1024, in raise_for_status
    raise HTTPError(http_error_msg, response=self)
requests.exceptions.HTTPError: 404 Client Error: Not Found for url: https://api.telegram.org/botREPLACE_WITH_BOT_TOKEN/getUpdates?timeout=30&allowed_updates=%5B%22message%22%2C+%22callback_query%22%5D
2026-08-30 08:23:10,194 | ERROR | telegram_gateway_application.utilities.utils_telegram.gateway_inbound | Telegram long polling request failed. Retrying...
Traceback (most recent call last):
  File "/telegram_gateway/telegram_gateway_application/utilities/utils_telegram/gateway_inbound.py", line 104, in poll_updates
    None:
        ^^
  File "/usr/local/lib/python3.12/site-packages/requests/models.py", line 1024, in raise_for_status
    raise HTTPError(http_error_msg, response=self)
requests.exceptions.HTTPError: 404 Client Error: Not Found for url: https://api.telegram.org/botREPLACE_WITH_BOT_TOKEN/getUpdates?timeout=30&allowed_updates=%5B%22message%22%2C+%22callback_query%22%5D
2026-08-30 08:23:15,912 | ERROR | telegram_gateway_application.utilities.utils_telegram.gateway_inbound | Telegram long polling request failed. Retrying...
Traceback (most recent call last):
  File "/telegram_gateway/telegram_gateway_application/utilities/utils_telegram/gateway_inbound.py", line 104, in poll_updates
    None:
        ^^
  File "/usr/local/lib/python3.12/site-packages/requests/models.py", line 1024, in raise_for_status
    raise HTTPError(http_error_msg, response=self)
requests.exceptions.HTTPError: 404 Client Error: Not Found for url: https://api.telegram.org/botREPLACE_WITH_BOT_TOKEN/getUpdates?timeout=30&allowed_updates=%5B%22message%22%2C+%22callback_query%22%5D
2026-08-30 08:23:21,636 | ERROR | telegram_gateway_application.utilities.utils_telegram.gateway_inbound | Telegram long polling request failed. Retrying...
Traceback (most recent call last):
  File "/telegram_gateway/telegram_gateway_application/utilities/utils_telegram/gateway_inbound.py", line 104, in poll_updates
    None:
        ^^
  File "/usr/local/lib/python3.12/site-packages/requests/models.py", line 1024, in raise_for_status
    raise HTTPError(http_error_msg, response=self)
requests.exceptions.HTTPError: 404 Client Error: Not Found for url: https://api.telegram.org/botREPLACE_WITH_BOT_TOKEN/getUpdates?timeout=30&allowed_updates=%5B%22message%22%2C+%22callback_query%22%5D
2026-08-30 08:23:27,376 | ERROR | telegram_gateway_application.utilities.utils_telegram.gateway_inbound | Telegram long polling request failed. Retrying...
Traceback (most recent call last):
  File "/telegram_gateway/telegram_gateway_application/utilities/utils_telegram/gateway_inbound.py", line 104, in poll_updates
    None:
        ^^
  File "/usr/local/lib/python3.12/site-packages/requests/models.py", line 1024, in raise_for_status
    raise HTTPError(http_error_msg, response=self)
requests.exceptions.HTTPError: 404 Client Error: Not Found for url: https://api.telegram.org/botREPLACE_WITH_BOT_TOKEN/getUpdates?timeout=30&allowed_updates=%5B%22message%22%2C+%22callback_query%22%5D
2026-08-30 08:23:33,092 | ERROR | telegram_gateway_application.utilities.utils_telegram.gateway_inbound | Telegram long polling request failed. Retrying...
Traceback (most recent call last):
  File "/telegram_gateway/telegram_gateway_application/utilities/utils_telegram/gateway_inbound.py", line 104, in poll_updates
    None:
        ^^
  File "/usr/local/lib/python3.12/site-packages/requests/models.py", line 1024, in raise_for_status
    raise HTTPError(http_error_msg, response=self)
requests.exceptions.HTTPError: 404 Client Error: Not Found for url: https://api.telegram.org/botREPLACE_WITH_BOT_TOKEN/getUpdates?timeout=30&allowed_updates=%5B%22message%22%2C+%22callback_query%22%5D
2026-08-30 08:23:38,813 | ERROR | telegram_gateway_application.utilities.utils_telegram.gateway_inbound | Telegram long polling request failed. Retrying...
Traceback (most recent call last):
  File "/telegram_gateway/telegram_gateway_application/utilities/utils_telegram/gateway_inbound.py", line 104, in poll_updates
    None:
        ^^
  File "/usr/local/lib/python3.12/site-packages/requests/models.py", line 1024, in raise_for_status
    raise HTTPError(http_error_msg, response=self)
requests.exceptions.HTTPError: 404 Client Error: Not Found for url: https://api.telegram.org/botREPLACE_WITH_BOT_TOKEN/getUpdates?timeout=30&allowed_updates=%5B%22message%22%2C+%22callback_query%22%5D
2026-08-30 08:23:44,565 | ERROR | telegram_gateway_application.utilities.utils_telegram.gateway_inbound | Telegram long polling request failed. Retrying...
Traceback (most recent call last):
  File "/telegram_gateway/telegram_gateway_application/utilities/utils_telegram/gateway_inbound.py", line 104, in poll_updates
    None:
        ^^
  File "/usr/local/lib/python3.12/site-packages/requests/models.py", line 1024, in raise_for_status
    raise HTTPError(http_error_msg, response=self)
requests.exceptions.HTTPError: 404 Client Error: Not Found for url: https://api.telegram.org/botREPLACE_WITH_BOT_TOKEN/getUpdates?timeout=30&allowed_updates=%5B%22message%22%2C+%22callback_query%22%5D
2026-08-30 08:23:50,286 | ERROR | telegram_gateway_application.utilities.utils_telegram.gateway_inbound | Telegram long polling request failed. Retrying...
Traceback (most recent call last):
  File "/telegram_gateway/telegram_gateway_application/utilities/utils_telegram/gateway_inbound.py", line 104, in poll_updates
    None:
        ^^
  File "/usr/local/lib/python3.12/site-packages/requests/models.py", line 1024, in raise_for_status
    raise HTTPError(http_error_msg, response=self)
requests.exceptions.HTTPError: 404 Client Error: Not Found for url: https://api.telegram.org/botREPLACE_WITH_BOT_TOKEN/getUpdates?timeout=30&allowed_updates=%5B%22message%22%2C+%22callback_query%22%5D
2026-08-30 08:23:55,993 | ERROR | telegram_gateway_application.utilities.utils_telegram.gateway_inbound | Telegram long polling request failed. Retrying...
Traceback (most recent call last):
  File "/telegram_gateway/telegram_gateway_application/utilities/utils_telegram/gateway_inbound.py", line 104, in poll_updates
    None:
        ^^
  File "/usr/local/lib/python3.12/site-packages/requests/models.py", line 1024, in raise_for_status
    raise HTTPError(http_error_msg, response=self)
requests.exceptions.HTTPError: 404 Client Error: Not Found for url: https://api.telegram.org/botREPLACE_WITH_BOT_TOKEN/getUpdates?timeout=30&allowed_updates=%5B%22message%22%2C+%22callback_query%22%5D
2026-08-30 08:24:01,718 | ERROR | telegram_gateway_application.utilities.utils_telegram.gateway_inbound | Telegram long polling request failed. Retrying...
Traceback (most recent call last):
  File "/telegram_gateway/telegram_gateway_application/utilities/utils_telegram/gateway_inbound.py", line 104, in poll_updates
    None:
        ^^
  File "/usr/local/lib/python3.12/site-packages/requests/models.py", line 1024, in raise_for_status
    raise HTTPError(http_error_msg, response=self)
requests.exceptions.HTTPError: 404 Client Error: Not Found for url: https://api.telegram.org/botREPLACE_WITH_BOT_TOKEN/getUpdates?timeout=30&allowed_updates=%5B%22message%22%2C+%22callback_query%22%5D
2026-08-30 08:24:07,437 | ERROR | telegram_gateway_application.utilities.utils_telegram.gateway_inbound | Telegram long polling request failed. Retrying...
Traceback (most recent call last):
  File "/telegram_gateway/telegram_gateway_application/utilities/utils_telegram/gateway_inbound.py", line 104, in poll_updates
    None:
        ^^
  File "/usr/local/lib/python3.12/site-packages/requests/models.py", line 1024, in raise_for_status
    raise HTTPError(http_error_msg, response=self)
requests.exceptions.HTTPError: 404 Client Error: Not Found for url: https://api.telegram.org/botREPLACE_WITH_BOT_TOKEN/getUpdates?timeout=30&allowed_updates=%5B%22message%22%2C+%22callback_query%22%5D
2026-08-30 08:24:13,152 | ERROR | telegram_gateway_application.utilities.utils_telegram.gateway_inbound | Telegram long polling request failed. Retrying...
Traceback (most recent call last):
  File "/telegram_gateway/telegram_gateway_application/utilities/utils_telegram/gateway_inbound.py", line 104, in poll_updates
    None:
        ^^
  File "/usr/local/lib/python3.12/site-packages/requests/models.py", line 1024, in raise_for_status
    raise HTTPError(http_error_msg, response=self)
requests.exceptions.HTTPError: 404 Client Error: Not Found for url: https://api.telegram.org/botREPLACE_WITH_BOT_TOKEN/getUpdates?timeout=30&allowed_updates=%5B%22message%22%2C+%22callback_query%22%5D
2026-08-30 08:24:18,871 | ERROR | telegram_gateway_application.utilities.utils_telegram.gateway_inbound | Telegram long polling request failed. Retrying...
Traceback (most recent call last):
  File "/telegram_gateway/telegram_gateway_application/utilities/utils_telegram/gateway_inbound.py", line 104, in poll_updates
    None:
        ^^
  File "/usr/local/lib/python3.12/site-packages/requests/models.py", line 1024, in raise_for_status
    raise HTTPError(http_error_msg, response=self)
requests.exceptions.HTTPError: 404 Client Error: Not Found for url: https://api.telegram.org/botREPLACE_WITH_BOT_TOKEN/getUpdates?timeout=30&allowed_updates=%5B%22message%22%2C+%22callback_query%22%5D
2026-08-30 08:24:24,584 | ERROR | telegram_gateway_application.utilities.utils_telegram.gateway_inbound | Telegram long polling request failed. Retrying...
Traceback (most recent call last):
  File "/telegram_gateway/telegram_gateway_application/utilities/utils_telegram/gateway_inbound.py", line 104, in poll_updates
    None:
        ^^
  File "/usr/local/lib/python3.12/site-packages/requests/models.py", line 1024, in raise_for_status
    raise HTTPError(http_error_msg, response=self)
requests.exceptions.HTTPError: 404 Client Error: Not Found for url: https://api.telegram.org/botREPLACE_WITH_BOT_TOKEN/getUpdates?timeout=30&allowed_updates=%5B%22message%22%2C+%22callback_query%22%5D
2026-08-30 08:24:30,299 | ERROR | telegram_gateway_application.utilities.utils_telegram.gateway_inbound | Telegram long polling request failed. Retrying...
Traceback (most recent call last):
  File "/telegram_gateway/telegram_gateway_application/utilities/utils_telegram/gateway_inbound.py", line 104, in poll_updates
    None:
        ^^
  File "/usr/local/lib/python3.12/site-packages/requests/models.py", line 1024, in raise_for_status
    raise HTTPError(http_error_msg, response=self)
requests.exceptions.HTTPError: 404 Client Error: Not Found for url: https://api.telegram.org/botREPLACE_WITH_BOT_TOKEN/getUpdates?timeout=30&allowed_updates=%5B%22message%22%2C+%22callback_query%22%5D
2026-08-30 08:24:36,010 | ERROR | telegram_gateway_application.utilities.utils_telegram.gateway_inbound | Telegram long polling request failed. Retrying...
Traceback (most recent call last):
  File "/telegram_gateway/telegram_gateway_application/utilities/utils_telegram/gateway_inbound.py", line 104, in poll_updates
    None:
        ^^
  File "/usr/local/lib/python3.12/site-packages/requests/models.py", line 1024, in raise_for_status
    raise HTTPError(http_error_msg, response=self)
requests.exceptions.HTTPError: 404 Client Error: Not Found for url: https://api.telegram.org/botREPLACE_WITH_BOT_TOKEN/getUpdates?timeout=30&allowed_updates=%5B%22message%22%2C+%22callback_query%22%5D
2026-08-30 08:24:41,773 | ERROR | telegram_gateway_application.utilities.utils_telegram.gateway_inbound | Telegram long polling request failed. Retrying...
Traceback (most recent call last):
  File "/telegram_gateway/telegram_gateway_application/utilities/utils_telegram/gateway_inbound.py", line 104, in poll_updates
    None:
        ^^
  File "/usr/local/lib/python3.12/site-packages/requests/models.py", line 1024, in raise_for_status
    raise HTTPError(http_error_msg, response=self)
requests.exceptions.HTTPError: 404 Client Error: Not Found for url: https://api.telegram.org/botREPLACE_WITH_BOT_TOKEN/getUpdates?timeout=30&allowed_updates=%5B%22message%22%2C+%22callback_query%22%5D
2026-08-30 08:24:47,539 | ERROR | telegram_gateway_application.utilities.utils_telegram.gateway_inbound | Telegram long polling request failed. Retrying...
Traceback (most recent call last):
  File "/telegram_gateway/telegram_gateway_application/utilities/utils_telegram/gateway_inbound.py", line 104, in poll_updates
    None:
        ^^
  File "/usr/local/lib/python3.12/site-packages/requests/models.py", line 1024, in raise_for_status
    raise HTTPError(http_error_msg, response=self)
requests.exceptions.HTTPError: 404 Client Error: Not Found for url: https://api.telegram.org/botREPLACE_WITH_BOT_TOKEN/getUpdates?timeout=30&allowed_updates=%5B%22message%22%2C+%22callback_query%22%5D
2026-08-30 08:24:53,248 | ERROR | telegram_gateway_application.utilities.utils_telegram.gateway_inbound | Telegram long polling request failed. Retrying...
Traceback (most recent call last):
  File "/telegram_gateway/telegram_gateway_application/utilities/utils_telegram/gateway_inbound.py", line 104, in poll_updates
    None:
        ^^
  File "/usr/local/lib/python3.12/site-packages/requests/models.py", line 1024, in raise_for_status
    raise HTTPError(http_error_msg, response=self)
requests.exceptions.HTTPError: 404 Client Error: Not Found for url: https://api.telegram.org/botREPLACE_WITH_BOT_TOKEN/getUpdates?timeout=30&allowed_updates=%5B%22message%22%2C+%22callback_query%22%5D
2026-08-30 08:24:58,978 | ERROR | telegram_gateway_application.utilities.utils_telegram.gateway_inbound | Telegram long polling request failed. Retrying...
Traceback (most recent call last):
  File "/telegram_gateway/telegram_gateway_application/utilities/utils_telegram/gateway_inbound.py", line 104, in poll_updates
    None:
        ^^
  File "/usr/local/lib/python3.12/site-packages/requests/models.py", line 1024, in raise_for_status
    raise HTTPError(http_error_msg, response=self)
requests.exceptions.HTTPError: 404 Client Error: Not Found for url: https://api.telegram.org/botREPLACE_WITH_BOT_TOKEN/getUpdates?timeout=30&allowed_updates=%5B%22message%22%2C+%22callback_query%22%5D
2026-08-30 08:25:04,705 | ERROR | telegram_gateway_application.utilities.utils_telegram.gateway_inbound | Telegram long polling request failed. Retrying...
Traceback (most recent call last):
  File "/telegram_gateway/telegram_gateway_application/utilities/utils_telegram/gateway_inbound.py", line 104, in poll_updates
    None:
        ^^
  File "/usr/local/lib/python3.12/site-packages/requests/models.py", line 1024, in raise_for_status
    raise HTTPError(http_error_msg, response=self)
requests.exceptions.HTTPError: 404 Client Error: Not Found for url: https://api.telegram.org/botREPLACE_WITH_BOT_TOKEN/getUpdates?timeout=30&allowed_updates=%5B%22message%22%2C+%22callback_query%22%5D
2026-08-30 08:25:10,409 | ERROR | telegram_gateway_application.utilities.utils_telegram.gateway_inbound | Telegram long polling request failed. Retrying...
Traceback (most recent call last):
  File "/telegram_gateway/telegram_gateway_application/utilities/utils_telegram/gateway_inbound.py", line 104, in poll_updates
    None:
        ^^
  File "/usr/local/lib/python3.12/site-packages/requests/models.py", line 1024, in raise_for_status
    raise HTTPError(http_error_msg, response=self)
requests.exceptions.HTTPError: 404 Client Error: Not Found for url: https://api.telegram.org/botREPLACE_WITH_BOT_TOKEN/getUpdates?timeout=30&allowed_updates=%5B%22message%22%2C+%22callback_query%22%5D
2026-08-30 08:25:16,124 | ERROR | telegram_gateway_application.utilities.utils_telegram.gateway_inbound | Telegram long polling request failed. Retrying...
Traceback (most recent call last):
  File "/telegram_gateway/telegram_gateway_application/utilities/utils_telegram/gateway_inbound.py", line 104, in poll_updates
    None:
        ^^
  File "/usr/local/lib/python3.12/site-packages/requests/models.py", line 1024, in raise_for_status
    raise HTTPError(http_error_msg, response=self)
requests.exceptions.HTTPError: 404 Client Error: Not Found for url: https://api.telegram.org/botREPLACE_WITH_BOT_TOKEN/getUpdates?timeout=30&allowed_updates=%5B%22message%22%2C+%22callback_query%22%5D
2026-08-30 08:25:21,856 | ERROR | telegram_gateway_application.utilities.utils_telegram.gateway_inbound | Telegram long polling request failed. Retrying...
Traceback (most recent call last):
  File "/telegram_gateway/telegram_gateway_application/utilities/utils_telegram/gateway_inbound.py", line 104, in poll_updates
    None:
        ^^
  File "/usr/local/lib/python3.12/site-packages/requests/models.py", line 1024, in raise_for_status
    raise HTTPError(http_error_msg, response=self)
requests.exceptions.HTTPError: 404 Client Error: Not Found for url: https://api.telegram.org/botREPLACE_WITH_BOT_TOKEN/getUpdates?timeout=30&allowed_updates=%5B%22message%22%2C+%22callback_query%22%5D
2026-08-30 08:25:27,569 | ERROR | telegram_gateway_application.utilities.utils_telegram.gateway_inbound | Telegram long polling request failed. Retrying...
Traceback (most recent call last):
  File "/telegram_gateway/telegram_gateway_application/utilities/utils_telegram/gateway_inbound.py", line 104, in poll_updates
    None:
        ^^
  File "/usr/local/lib/python3.12/site-packages/requests/models.py", line 1024, in raise_for_status
    raise HTTPError(http_error_msg, response=self)
requests.exceptions.HTTPError: 404 Client Error: Not Found for url: https://api.telegram.org/botREPLACE_WITH_BOT_TOKEN/getUpdates?timeout=30&allowed_updates=%5B%22message%22%2C+%22callback_query%22%5D
2026-08-30 08:25:33,283 | ERROR | telegram_gateway_application.utilities.utils_telegram.gateway_inbound | Telegram long polling request failed. Retrying...
Traceback (most recent call last):
  File "/telegram_gateway/telegram_gateway_application/utilities/utils_telegram/gateway_inbound.py", line 104, in poll_updates
    None:
        ^^
  File "/usr/local/lib/python3.12/site-packages/requests/models.py", line 1024, in raise_for_status
    raise HTTPError(http_error_msg, response=self)
requests.exceptions.HTTPError: 404 Client Error: Not Found for url: https://api.telegram.org/botREPLACE_WITH_BOT_TOKEN/getUpdates?timeout=30&allowed_updates=%5B%22message%22%2C+%22callback_query%22%5D
2026-08-30 08:25:39,006 | ERROR | telegram_gateway_application.utilities.utils_telegram.gateway_inbound | Telegram long polling request failed. Retrying...
Traceback (most recent call last):
  File "/telegram_gateway/telegram_gateway_application/utilities/utils_telegram/gateway_inbound.py", line 104, in poll_updates
    None:
        ^^
  File "/usr/local/lib/python3.12/site-packages/requests/models.py", line 1024, in raise_for_status
    raise HTTPError(http_error_msg, response=self)
requests.exceptions.HTTPError: 404 Client Error: Not Found for url: https://api.telegram.org/botREPLACE_WITH_BOT_TOKEN/getUpdates?timeout=30&allowed_updates=%5B%22message%22%2C+%22callback_query%22%5D
2026-08-30 08:25:44,724 | ERROR | telegram_gateway_application.utilities.utils_telegram.gateway_inbound | Telegram long polling request failed. Retrying...
Traceback (most recent call last):
  File "/telegram_gateway/telegram_gateway_application/utilities/utils_telegram/gateway_inbound.py", line 104, in poll_updates
    None:
        ^^
  File "/usr/local/lib/python3.12/site-packages/requests/models.py", line 1024, in raise_for_status
    raise HTTPError(http_error_msg, response=self)
requests.exceptions.HTTPError: 404 Client Error: Not Found for url: https://api.telegram.org/botREPLACE_WITH_BOT_TOKEN/getUpdates?timeout=30&allowed_updates=%5B%22message%22%2C+%22callback_query%22%5D
2026-08-30 08:25:50,441 | ERROR | telegram_gateway_application.utilities.utils_telegram.gateway_inbound | Telegram long polling request failed. Retrying...
Traceback (most recent call last):
  File "/telegram_gateway/telegram_gateway_application/utilities/utils_telegram/gateway_inbound.py", line 104, in poll_updates
    None:
        ^^
  File "/usr/local/lib/python3.12/site-packages/requests/models.py", line 1024, in raise_for_status
    raise HTTPError(http_error_msg, response=self)
requests.exceptions.HTTPError: 404 Client Error: Not Found for url: https://api.telegram.org/botREPLACE_WITH_BOT_TOKEN/getUpdates?timeout=30&allowed_updates=%5B%22message%22%2C+%22callback_query%22%5D
2026-08-30 08:25:56,159 | ERROR | telegram_gateway_application.utilities.utils_telegram.gateway_inbound | Telegram long polling request failed. Retrying...
Traceback (most recent call last):
  File "/telegram_gateway/telegram_gateway_application/utilities/utils_telegram/gateway_inbound.py", line 104, in poll_updates
    None:
        ^^
  File "/usr/local/lib/python3.12/site-packages/requests/models.py", line 1024, in raise_for_status
    raise HTTPError(http_error_msg, response=self)
requests.exceptions.HTTPError: 404 Client Error: Not Found for url: https://api.telegram.org/botREPLACE_WITH_BOT_TOKEN/getUpdates?timeout=30&allowed_updates=%5B%22message%22%2C+%22callback_query%22%5D
2026-08-30 08:26:01,874 | ERROR | telegram_gateway_application.utilities.utils_telegram.gateway_inbound | Telegram long polling request failed. Retrying...
Traceback (most recent call last):
  File "/telegram_gateway/telegram_gateway_application/utilities/utils_telegram/gateway_inbound.py", line 104, in poll_updates
    None:
        ^^
  File "/usr/local/lib/python3.12/site-packages/requests/models.py", line 1024, in raise_for_status
    raise HTTPError(http_error_msg, response=self)
requests.exceptions.HTTPError: 404 Client Error: Not Found for url: https://api.telegram.org/botREPLACE_WITH_BOT_TOKEN/getUpdates?timeout=30&allowed_updates=%5B%22message%22%2C+%22callback_query%22%5D
2026-08-30 08:26:07,607 | ERROR | telegram_gateway_application.utilities.utils_telegram.gateway_inbound | Telegram long polling request failed. Retrying...
Traceback (most recent call last):
  File "/telegram_gateway/telegram_gateway_application/utilities/utils_telegram/gateway_inbound.py", line 104, in poll_updates
    None:
        ^^
  File "/usr/local/lib/python3.12/site-packages/requests/models.py", line 1024, in raise_for_status
    raise HTTPError(http_error_msg, response=self)
requests.exceptions.HTTPError: 404 Client Error: Not Found for url: https://api.telegram.org/botREPLACE_WITH_BOT_TOKEN/getUpdates?timeout=30&allowed_updates=%5B%22message%22%2C+%22callback_query%22%5D
2026-08-30 08:26:13,368 | ERROR | telegram_gateway_application.utilities.utils_telegram.gateway_inbound | Telegram long polling request failed. Retrying...
Traceback (most recent call last):
  File "/telegram_gateway/telegram_gateway_application/utilities/utils_telegram/gateway_inbound.py", line 104, in poll_updates
    None:
        ^^
  File "/usr/local/lib/python3.12/site-packages/requests/models.py", line 1024, in raise_for_status
    raise HTTPError(http_error_msg, response=self)
requests.exceptions.HTTPError: 404 Client Error: Not Found for url: https://api.telegram.org/botREPLACE_WITH_BOT_TOKEN/getUpdates?timeout=30&allowed_updates=%5B%22message%22%2C+%22callback_query%22%5D
2026-08-30 08:26:19,114 | ERROR | telegram_gateway_application.utilities.utils_telegram.gateway_inbound | Telegram long polling request failed. Retrying...
Traceback (most recent call last):
  File "/telegram_gateway/telegram_gateway_application/utilities/utils_telegram/gateway_inbound.py", line 104, in poll_updates
    None:
        ^^
  File "/usr/local/lib/python3.12/site-packages/requests/models.py", line 1024, in raise_for_status
    raise HTTPError(http_error_msg, response=self)
requests.exceptions.HTTPError: 404 Client Error: Not Found for url: https://api.telegram.org/botREPLACE_WITH_BOT_TOKEN/getUpdates?timeout=30&allowed_updates=%5B%22message%22%2C+%22callback_query%22%5D
2026-08-30 08:26:24,829 | ERROR | telegram_gateway_application.utilities.utils_telegram.gateway_inbound | Telegram long polling request failed. Retrying...
Traceback (most recent call last):
  File "/telegram_gateway/telegram_gateway_application/utilities/utils_telegram/gateway_inbound.py", line 104, in poll_updates
    None:
        ^^
  File "/usr/local/lib/python3.12/site-packages/requests/models.py", line 1024, in raise_for_status
    raise HTTPError(http_error_msg, response=self)
requests.exceptions.HTTPError: 404 Client Error: Not Found for url: https://api.telegram.org/botREPLACE_WITH_BOT_TOKEN/getUpdates?timeout=30&allowed_updates=%5B%22message%22%2C+%22callback_query%22%5D
2026-08-30 08:26:30,553 | ERROR | telegram_gateway_application.utilities.utils_telegram.gateway_inbound | Telegram long polling request failed. Retrying...
Traceback (most recent call last):
  File "/telegram_gateway/telegram_gateway_application/utilities/utils_telegram/gateway_inbound.py", line 104, in poll_updates
    None:
        ^^
  File "/usr/local/lib/python3.12/site-packages/requests/models.py", line 1024, in raise_for_status
    raise HTTPError(http_error_msg, response=self)
requests.exceptions.HTTPError: 404 Client Error: Not Found for url: https://api.telegram.org/botREPLACE_WITH_BOT_TOKEN/getUpdates?timeout=30&allowed_updates=%5B%22message%22%2C+%22callback_query%22%5D
2026-08-30 08:26:36,313 | ERROR | telegram_gateway_application.utilities.utils_telegram.gateway_inbound | Telegram long polling request failed. Retrying...
Traceback (most recent call last):
  File "/telegram_gateway/telegram_gateway_application/utilities/utils_telegram/gateway_inbound.py", line 104, in poll_updates
    None:
        ^^
  File "/usr/local/lib/python3.12/site-packages/requests/models.py", line 1024, in raise_for_status
    raise HTTPError(http_error_msg, response=self)
requests.exceptions.HTTPError: 404 Client Error: Not Found for url: https://api.telegram.org/botREPLACE_WITH_BOT_TOKEN/getUpdates?timeout=30&allowed_updates=%5B%22message%22%2C+%22callback_query%22%5D
2026-08-30 08:26:42,030 | ERROR | telegram_gateway_application.utilities.utils_telegram.gateway_inbound | Telegram long polling request failed. Retrying...
Traceback (most recent call last):
  File "/telegram_gateway/telegram_gateway_application/utilities/utils_telegram/gateway_inbound.py", line 104, in poll_updates
    None:
        ^^
  File "/usr/local/lib/python3.12/site-packages/requests/models.py", line 1024, in raise_for_status
    raise HTTPError(http_error_msg, response=self)
requests.exceptions.HTTPError: 404 Client Error: Not Found for url: https://api.telegram.org/botREPLACE_WITH_BOT_TOKEN/getUpdates?timeout=30&allowed_updates=%5B%22message%22%2C+%22callback_query%22%5D
2026-08-30 08:26:47,760 | ERROR | telegram_gateway_application.utilities.utils_telegram.gateway_inbound | Telegram long polling request failed. Retrying...
Traceback (most recent call last):
  File "/telegram_gateway/telegram_gateway_application/utilities/utils_telegram/gateway_inbound.py", line 104, in poll_updates
    None:
        ^^
  File "/usr/local/lib/python3.12/site-packages/requests/models.py", line 1024, in raise_for_status
    raise HTTPError(http_error_msg, response=self)
requests.exceptions.HTTPError: 404 Client Error: Not Found for url: https://api.telegram.org/botREPLACE_WITH_BOT_TOKEN/getUpdates?timeout=30&allowed_updates=%5B%22message%22%2C+%22callback_query%22%5D
2026-08-30 08:26:53,496 | ERROR | telegram_gateway_application.utilities.utils_telegram.gateway_inbound | Telegram long polling request failed. Retrying...
Traceback (most recent call last):
  File "/telegram_gateway/telegram_gateway_application/utilities/utils_telegram/gateway_inbound.py", line 104, in poll_updates
    None:
        ^^
  File "/usr/local/lib/python3.12/site-packages/requests/models.py", line 1024, in raise_for_status
    raise HTTPError(http_error_msg, response=self)
requests.exceptions.HTTPError: 404 Client Error: Not Found for url: https://api.telegram.org/botREPLACE_WITH_BOT_TOKEN/getUpdates?timeout=30&allowed_updates=%5B%22message%22%2C+%22callback_query%22%5D
2026-08-30 08:26:59,240 | ERROR | telegram_gateway_application.utilities.utils_telegram.gateway_inbound | Telegram long polling request failed. Retrying...
Traceback (most recent call last):
  File "/telegram_gateway/telegram_gateway_application/utilities/utils_telegram/gateway_inbound.py", line 104, in poll_updates
    None:
        ^^
  File "/usr/local/lib/python3.12/site-packages/requests/models.py", line 1024, in raise_for_status
    raise HTTPError(http_error_msg, response=self)
requests.exceptions.HTTPError: 404 Client Error: Not Found for url: https://api.telegram.org/botREPLACE_WITH_BOT_TOKEN/getUpdates?timeout=30&allowed_updates=%5B%22message%22%2C+%22callback_query%22%5D
2026-08-30 08:27:04,970 | ERROR | telegram_gateway_application.utilities.utils_telegram.gateway_inbound | Telegram long polling request failed. Retrying...
Traceback (most recent call last):
  File "/telegram_gateway/telegram_gateway_application/utilities/utils_telegram/gateway_inbound.py", line 104, in poll_updates
    None:
        ^^
  File "/usr/local/lib/python3.12/site-packages/requests/models.py", line 1024, in raise_for_status
    raise HTTPError(http_error_msg, response=self)
requests.exceptions.HTTPError: 404 Client Error: Not Found for url: https://api.telegram.org/botREPLACE_WITH_BOT_TOKEN/getUpdates?timeout=30&allowed_updates=%5B%22message%22%2C+%22callback_query%22%5D
2026-08-30 08:27:10,673 | ERROR | telegram_gateway_application.utilities.utils_telegram.gateway_inbound | Telegram long polling request failed. Retrying...
Traceback (most recent call last):
  File "/telegram_gateway/telegram_gateway_application/utilities/utils_telegram/gateway_inbound.py", line 104, in poll_updates
    None:
        ^^
  File "/usr/local/lib/python3.12/site-packages/requests/models.py", line 1024, in raise_for_status
    raise HTTPError(http_error_msg, response=self)
requests.exceptions.HTTPError: 404 Client Error: Not Found for url: https://api.telegram.org/botREPLACE_WITH_BOT_TOKEN/getUpdates?timeout=30&allowed_updates=%5B%22message%22%2C+%22callback_query%22%5D
2026-08-30 08:27:16,427 | ERROR | telegram_gateway_application.utilities.utils_telegram.gateway_inbound | Telegram long polling request failed. Retrying...
Traceback (most recent call last):
  File "/telegram_gateway/telegram_gateway_application/utilities/utils_telegram/gateway_inbound.py", line 104, in poll_updates
    None:
        ^^
  File "/usr/local/lib/python3.12/site-packages/requests/models.py", line 1024, in raise_for_status
    raise HTTPError(http_error_msg, response=self)
requests.exceptions.HTTPError: 404 Client Error: Not Found for url: https://api.telegram.org/botREPLACE_WITH_BOT_TOKEN/getUpdates?timeout=30&allowed_updates=%5B%22message%22%2C+%22callback_query%22%5D
2026-08-30 08:27:22,129 | ERROR | telegram_gateway_application.utilities.utils_telegram.gateway_inbound | Telegram long polling request failed. Retrying...
Traceback (most recent call last):
  File "/telegram_gateway/telegram_gateway_application/utilities/utils_telegram/gateway_inbound.py", line 104, in poll_updates
    None:
        ^^
  File "/usr/local/lib/python3.12/site-packages/requests/models.py", line 1024, in raise_for_status
    raise HTTPError(http_error_msg, response=self)
requests.exceptions.HTTPError: 404 Client Error: Not Found for url: https://api.telegram.org/botREPLACE_WITH_BOT_TOKEN/getUpdates?timeout=30&allowed_updates=%5B%22message%22%2C+%22callback_query%22%5D
2026-08-30 08:27:27,865 | ERROR | telegram_gateway_application.utilities.utils_telegram.gateway_inbound | Telegram long polling request failed. Retrying...
Traceback (most recent call last):
  File "/telegram_gateway/telegram_gateway_application/utilities/utils_telegram/gateway_inbound.py", line 104, in poll_updates
    None:
        ^^
  File "/usr/local/lib/python3.12/site-packages/requests/models.py", line 1024, in raise_for_status
    raise HTTPError(http_error_msg, response=self)
requests.exceptions.HTTPError: 404 Client Error: Not Found for url: https://api.telegram.org/botREPLACE_WITH_BOT_TOKEN/getUpdates?timeout=30&allowed_updates=%5B%22message%22%2C+%22callback_query%22%5D
2026-08-30 08:27:33,571 | ERROR | telegram_gateway_application.utilities.utils_telegram.gateway_inbound | Telegram long polling request failed. Retrying...
Traceback (most recent call last):
  File "/telegram_gateway/telegram_gateway_application/utilities/utils_telegram/gateway_inbound.py", line 104, in poll_updates
    None:
        ^^
  File "/usr/local/lib/python3.12/site-packages/requests/models.py", line 1024, in raise_for_status
    raise HTTPError(http_error_msg, response=self)
requests.exceptions.HTTPError: 404 Client Error: Not Found for url: https://api.telegram.org/botREPLACE_WITH_BOT_TOKEN/getUpdates?timeout=30&allowed_updates=%5B%22message%22%2C+%22callback_query%22%5D
2026-08-30 08:27:39,293 | ERROR | telegram_gateway_application.utilities.utils_telegram.gateway_inbound | Telegram long polling request failed. Retrying...
Traceback (most recent call last):
  File "/telegram_gateway/telegram_gateway_application/utilities/utils_telegram/gateway_inbound.py", line 104, in poll_updates
    None:
        ^^
  File "/usr/local/lib/python3.12/site-packages/requests/models.py", line 1024, in raise_for_status
    raise HTTPError(http_error_msg, response=self)
requests.exceptions.HTTPError: 404 Client Error: Not Found for url: https://api.telegram.org/botREPLACE_WITH_BOT_TOKEN/getUpdates?timeout=30&allowed_updates=%5B%22message%22%2C+%22callback_query%22%5D
2026-08-30 08:27:45,021 | ERROR | telegram_gateway_application.utilities.utils_telegram.gateway_inbound | Telegram long polling request failed. Retrying...
Traceback (most recent call last):
  File "/telegram_gateway/telegram_gateway_application/utilities/utils_telegram/gateway_inbound.py", line 104, in poll_updates
    None:
        ^^
  File "/usr/local/lib/python3.12/site-packages/requests/models.py", line 1024, in raise_for_status
    raise HTTPError(http_error_msg, response=self)
requests.exceptions.HTTPError: 404 Client Error: Not Found for url: https://api.telegram.org/botREPLACE_WITH_BOT_TOKEN/getUpdates?timeout=30&allowed_updates=%5B%22message%22%2C+%22callback_query%22%5D
2026-08-30 08:27:50,757 | ERROR | telegram_gateway_application.utilities.utils_telegram.gateway_inbound | Telegram long polling request failed. Retrying...
Traceback (most recent call last):
  File "/telegram_gateway/telegram_gateway_application/utilities/utils_telegram/gateway_inbound.py", line 104, in poll_updates
    None:
        ^^
  File "/usr/local/lib/python3.12/site-packages/requests/models.py", line 1024, in raise_for_status
    raise HTTPError(http_error_msg, response=self)
requests.exceptions.HTTPError: 404 Client Error: Not Found for url: https://api.telegram.org/botREPLACE_WITH_BOT_TOKEN/getUpdates?timeout=30&allowed_updates=%5B%22message%22%2C+%22callback_query%22%5D
2026-08-30 08:27:56,479 | ERROR | telegram_gateway_application.utilities.utils_telegram.gateway_inbound | Telegram long polling request failed. Retrying...
Traceback (most recent call last):
  File "/telegram_gateway/telegram_gateway_application/utilities/utils_telegram/gateway_inbound.py", line 104, in poll_updates
    None:
        ^^
  File "/usr/local/lib/python3.12/site-packages/requests/models.py", line 1024, in raise_for_status
    raise HTTPError(http_error_msg, response=self)
requests.exceptions.HTTPError: 404 Client Error: Not Found for url: https://api.telegram.org/botREPLACE_WITH_BOT_TOKEN/getUpdates?timeout=30&allowed_updates=%5B%22message%22%2C+%22callback_query%22%5D
2026-08-30 08:28:02,197 | ERROR | telegram_gateway_application.utilities.utils_telegram.gateway_inbound | Telegram long polling request failed. Retrying...
Traceback (most recent call last):
  File "/telegram_gateway/telegram_gateway_application/utilities/utils_telegram/gateway_inbound.py", line 104, in poll_updates
    None:
        ^^
  File "/usr/local/lib/python3.12/site-packages/requests/models.py", line 1024, in raise_for_status
    raise HTTPError(http_error_msg, response=self)
requests.exceptions.HTTPError: 404 Client Error: Not Found for url: https://api.telegram.org/botREPLACE_WITH_BOT_TOKEN/getUpdates?timeout=30&allowed_updates=%5B%22message%22%2C+%22callback_query%22%5D
2026-08-30 08:28:07,916 | ERROR | telegram_gateway_application.utilities.utils_telegram.gateway_inbound | Telegram long polling request failed. Retrying...
Traceback (most recent call last):
  File "/telegram_gateway/telegram_gateway_application/utilities/utils_telegram/gateway_inbound.py", line 104, in poll_updates
    None:
        ^^
  File "/usr/local/lib/python3.12/site-packages/requests/models.py", line 1024, in raise_for_status
    raise HTTPError(http_error_msg, response=self)
requests.exceptions.HTTPError: 404 Client Error: Not Found for url: https://api.telegram.org/botREPLACE_WITH_BOT_TOKEN/getUpdates?timeout=30&allowed_updates=%5B%22message%22%2C+%22callback_query%22%5D
2026-08-30 08:28:13,639 | ERROR | telegram_gateway_application.utilities.utils_telegram.gateway_inbound | Telegram long polling request failed. Retrying...
Traceback (most recent call last):
  File "/telegram_gateway/telegram_gateway_application/utilities/utils_telegram/gateway_inbound.py", line 104, in poll_updates
    None:
        ^^
  File "/usr/local/lib/python3.12/site-packages/requests/models.py", line 1024, in raise_for_status
    raise HTTPError(http_error_msg, response=self)
requests.exceptions.HTTPError: 404 Client Error: Not Found for url: https://api.telegram.org/botREPLACE_WITH_BOT_TOKEN/getUpdates?timeout=30&allowed_updates=%5B%22message%22%2C+%22callback_query%22%5D
2026-08-30 08:28:19,358 | ERROR | telegram_gateway_application.utilities.utils_telegram.gateway_inbound | Telegram long polling request failed. Retrying...
Traceback (most recent call last):
  File "/telegram_gateway/telegram_gateway_application/utilities/utils_telegram/gateway_inbound.py", line 104, in poll_updates
    None:
        ^^
  File "/usr/local/lib/python3.12/site-packages/requests/models.py", line 1024, in raise_for_status
    raise HTTPError(http_error_msg, response=self)
requests.exceptions.HTTPError: 404 Client Error: Not Found for url: https://api.telegram.org/botREPLACE_WITH_BOT_TOKEN/getUpdates?timeout=30&allowed_updates=%5B%22message%22%2C+%22callback_query%22%5D
2026-08-30 08:28:25,084 | ERROR | telegram_gateway_application.utilities.utils_telegram.gateway_inbound | Telegram long polling request failed. Retrying...
Traceback (most recent call last):
  File "/telegram_gateway/telegram_gateway_application/utilities/utils_telegram/gateway_inbound.py", line 104, in poll_updates
    None:
        ^^
  File "/usr/local/lib/python3.12/site-packages/requests/models.py", line 1024, in raise_for_status
    raise HTTPError(http_error_msg, response=self)
requests.exceptions.HTTPError: 404 Client Error: Not Found for url: https://api.telegram.org/botREPLACE_WITH_BOT_TOKEN/getUpdates?timeout=30&allowed_updates=%5B%22message%22%2C+%22callback_query%22%5D
